cpu_name,price,cpu_mark,cpu_value,thread_mark,thread_value,TDP,power_performance,cores,test_date,socket,category
AMD EPYC 7763,7299.99,88338,12.1,2635,0.36,280.0,315.49,64,2021,SP3,Server
AMD EPYC 7J13,,86006,,2387,,,,64,2021,unknown,Server
AMD EPYC 7713,7060.0,85861,12.16,2727,0.39,225.0,381.6,64,2021,SP3,Server
AMD EPYC 7B13,,77460,,2564,,,,60,2021,unknown,Server
AMD EPYC 7643,5424.99,76455,14.09,2695,0.5,225.0,339.8,48,2021,SP3,Server
AMD EPYC 7702,4000.0,71646,17.91,2097,0.52,200.0,358.23,64,2020,SP3,Server
AMD EPYC 7662,6817.0,71576,10.5,2054,0.3,225.0,318.12,64,2021,SP3,Server
AMD EPYC 7742,5045.99,68749,13.62,2145,0.43,225.0,305.55,64,2019,SP3,Server
AMD EPYC 75F3,,68505,,2775,,280.0,244.66,32,2021,SP3,Server
AMD EPYC 7642,3684.0,67748,18.39,2155,0.59,225.0,301.1,48,2021,SP3,Server
AMD EPYC 7543P,2999.0,67144,22.39,2742,0.91,225.0,298.42,32,2021,SP3,Server
AMD EPYC 7R32,,64727,,1922,,,,48,2020,unknown,Server
Intel Xeon Platinum 8380 @ 2.30GHz,8978.0,62317,6.94,2385,0.27,270.0,230.81,40,2021,FCLGA4189,Server
AMD EPYC 7702P,3499.99,61689,17.63,2110,0.6,200.0,308.44,64,2019,SP3,Server
AMD EPYC 74F3,4989.0,60948,12.22,2975,0.6,240.0,253.95,24,2021,SP3,Server
AMD EPYC 7513,2840.0,59732,21.03,2447,0.86,200.0,298.66,32,2021,SP3,Server
AMD EPYC 7443P,1499.99,57666,38.44,2965,1.98,200.0,288.33,24,2021,SP3,Server
AMD EPYC 7542,1789.99,56728,31.69,2207,1.23,225.0,252.13,32,2019,SP3,Server
AMD EPYC 7543,3761.0,56562,15.04,2563,0.68,240.0,235.68,32,2021,SP3,Server
AMD EPYC 7532,,55358,,2137,,200.0,276.79,32,2021,SP3,Server
Intel Xeon Platinum 8358 @ 2.60GHz,5097.75,54416,10.67,2382,0.47,250.0,217.67,32,2021,FCLGA4189,Server
AMD EPYC 7453,1799.0,53511,29.74,2580,1.43,225.0,237.83,28,2021,SP3,Server
Intel Xeon Gold 6348 @ 2.60GHz,3173.0,53112,16.74,2455,0.77,235.0,226.01,28,2021,FCLGA4189,Server
Intel Xeon Platinum 8375C @ 2.90GHz,,51836,,2439,,300.0,172.79,32,2021,FCLGA4189,Server
AMD EPYC 7402,1962.0,51368,26.18,2081,1.06,180.0,285.38,24,2020,SP3,Server
Intel Xeon Platinum 8347C @ 2.10GHz,,49386,,2445,,210.0,235.17,36,2022,LGA4189,Server
AMD EPYC 7502,2750.0,49177,17.88,1843,0.67,180.0,273.21,32,2020,SP3,Server
AMD EPYC 7502P,2696.51,48995,18.17,1894,0.7,180.0,272.19,32,2019,SP3,Server
Intel Xeon Gold 6342 @ 2.80GHz,3825.9,48330,12.63,2453,0.64,230.0,210.13,24,2021,FCLGA4189,Server
AMD EPYC 7413,1997.99,46295,23.17,1983,0.99,180.0,257.2,24,2021,SP3,Server
AMD EPYC 73F3,5992.0,46085,7.69,2878,0.48,240.0,192.02,16,2021,SP3,Server
AMD EPYC 7343,1699.99,45882,26.99,2947,1.73,190.0,241.48,16,2021,SP3,Server
AMD EPYC 7713P,,45860,,2736,,225.0,203.82,64,2022,SP3,Server
Intel Xeon Gold 6336Y @ 2.40GHz,3850.34,45517,11.82,2522,0.65,185.0,246.04,24,2021,FCLGA4189,Server
Intel Xeon Gold 6312U @ 2.40GHz,1736.62,43745,25.19,2383,1.37,185.0,236.46,24,2021,FCLGA4189,Server
Intel Xeon Gold 6330 @ 2.00GHz,1904.0,43056,22.61,2034,1.07,205.0,210.03,28,2021,FCLGA4189,Server
AMD EPYC 7601,899.95,42244,46.94,1941,2.16,180.0,234.69,32,2017,SP3,Server
AMD EPYC 7452,2209.97,41871,18.95,1689,0.76,155.0,270.14,32,2019,SP3,Server
AMD EPYC 7402P,1428.93,41741,29.21,1970,1.38,180.0,231.9,24,2019,SP3,Server
Intel Xeon Gold 6354 @ 3.00GHz,2932.63,41434,14.13,2406,0.82,205.0,202.12,18,2021,FCLGA4189,Server
AMD EPYC 7F52,3100.0,40951,13.21,2446,0.79,240.0,170.63,16,2020,SP3,Server
AMD EPYC 7313P,913.0,40879,44.77,2608,2.86,155.0,263.74,16,2021,SP3,Server
Intel Xeon Platinum 8275CL @ 3.00GHz,,40794,,2386,,,,24,2019,unknown,Server
Intel Xeon W-3275M @ 2.50GHz,7453.0,40767,5.47,2725,0.37,205.0,198.86,28,2020,FCLGA3647,Server
AMD EPYC 7313,1179.99,40575,34.39,2610,2.21,155.0,261.77,16,2021,SP3,Server
AMD EPYC 7352,1280.0,40472,31.62,1995,1.56,155.0,261.11,24,2021,SP3,Server
Intel Xeon W-3335 @ 3.40GHz,1299.0,38944,29.98,2556,1.97,250.0,155.78,16,2022,FCLGA4189,Server
Intel Xeon Gold 6248R @ 3.00GHz,3095.0,38604,12.47,2296,0.74,205.0,188.31,24,2020,FCLGA3647,Server
Intel Xeon Gold 6346 @ 3.10GHz,2279.0,37606,16.5,2455,1.08,205.0,183.44,16,2021,FCLGA4189,Server
Intel Xeon Platinum 8280 @ 2.70GHz,8870.46,37575,4.24,2011,0.23,205.0,183.29,28,2020,FCLGA3647,Server
Intel Xeon Gold 6238R @ 2.20GHz,2667.0,37511,14.06,2362,0.89,165.0,227.34,28,2021,FCLGA3647,Server
Intel Xeon Silver 4316 @ 2.30GHz,1129.22,37264,33.0,2380,2.11,150.0,248.43,20,2021,FCLGA4189,Server
Intel Xeon Gold 6242R @ 3.10GHz,2472.14,35352,14.3,2426,0.98,205.0,172.45,20,2020,FCLGA3647,Server
Intel Xeon Gold 6326 @ 2.90GHz,1605.79,35328,22.0,2356,1.47,185.0,190.96,16,2021,FCLGA4189,Server
Intel Xeon Platinum 8260M @ 2.30GHz,7705.0,33970,4.41,2315,0.3,165.0,205.88,24,2020,LGA3647,Server
Intel Xeon D-2799 @ 2.40GHz,1933.0,33792,17.48,2404,1.24,129.0,261.95,20,2022,FCBGA2579,Server
Intel Xeon Gold 5220R @ 2.20GHz,1712.0,33370,19.49,2399,1.4,150.0,222.46,24,2021,FCLGA3647,Server
AMD EPYC 7302,1115.12,33015,29.61,1978,1.77,155.0,213,16,2020,SP3,Server
Intel Xeon Platinum 8168 @ 2.70GHz,7829.0,32616,4.17,2138,0.27,205.0,159.1,24,2017,FCLGA3647,Server
AMD EPYC 7302P,2069.95,32480,15.69,1878,0.91,155.0,209.55,16,2019,SP3,Server
Intel Xeon Gold 6252 @ 2.10GHz,3850.0,32410,8.42,2143,0.56,150.0,216.06,24,2019,FCLGA3647,Server
Intel Xeon Gold 6230R @ 2.10GHz,1870.0,32223,17.23,2020,1.08,150.0,214.82,26,2021,FCLGA3647,Server
Intel Xeon W-2295 @ 3.00GHz,1504.63,31680,21.06,2696,1.79,165.0,192,18,2020,FCLGA2066,Server
AMD EPYC 7282,722.97,31631,43.75,1987,2.75,120.0,263.59,16,2019,SP3,Server
Intel Xeon Platinum 8259CL @ 2.50GHz,,31500,,1863,,210.0,150,24,2020,LGA 3647,Server
AMD EPYC 7371,1808.99,31094,17.19,2377,1.31,,,16,2019,SP3,Server
Intel Xeon Gold 6253CL @ 3.10GHz,,30616,,2346,,205.0,149.35,18,2021,FCLGA3647,Server
Intel Xeon W-3245 @ 3.20GHz,2683.99,30549,11.38,2537,0.95,205.0,149.02,16,2020,FCLGA3647,Server
AMD EPYC 7551P,369.99,30313,81.93,1719,4.65,180.0,168.4,32,2018,SP3,Server
Intel Xeon Gold 6246R @ 3.40GHz,3389.78,30220,8.92,2321,0.68,205.0,147.41,16,2020,FCLGA3647,Server
Intel Xeon W-3265 @ 2.70GHz,4551.37,30105,6.61,2572,0.57,205.0,146.85,24,2019,FCLGA3647,Server
Intel Xeon Platinum 8268 @ 2.90GHz,6005.98,30103,5.01,2167,0.36,205.0,146.84,24,2019,FCLGA3647,Server
Intel Xeon Silver 4314 @ 2.40GHz,867.3,30043,34.64,2179,2.51,135.0,222.54,16,2021,FCLGA4189,Server
Intel Xeon Gold 6254 @ 3.10GHz,3626.37,29356,8.1,2381,0.66,200.0,146.78,18,2019,FCLGA3647,Server
Intel Xeon W-2191B @ 2.30GHz,,29049,,2609,,140.0,207.49,18,2021,FCLGA2066,Server
Intel Xeon Gold 6148 @ 2.40GHz,2817.0,28962,10.28,2182,0.77,150.0,193.08,20,2018,FCLGA3647,Server
Intel Xeon Gold 6210U @ 2.50GHz,1524.89,28915,18.96,2203,1.44,150.0,192.77,20,2019,FCLGA3647,Server
Intel Xeon Gold 6154 @ 3.00GHz,3798.95,28848,7.59,2264,0.6,200.0,144.24,18,2017,FCLGA3647,Server
Intel Xeon Gold 5317 @ 3.00GHz,1119.25,28580,25.54,2437,2.18,150.0,190.54,12,2021,FCLGA4189,Server
AMD EPYC 7401P,249.99,28271,113.09,1689,6.76,155.0,182.4,24,2017,SP3,Server
Intel Xeon Gold 6238 @ 2.10GHz,2698.95,27617,10.23,1691,0.63,140.0,197.26,22,2019,FCLGA3647,Server
Intel Xeon Gold 6212U @ 2.40GHz,2000.0,27470,13.73,2013,1.01,165.0,166.48,24,2019,FCLGA3647,Server
AMD EPYC 7571,,27445,,1934,,120.0,228.71,32,2019,SP3,Server
Intel Xeon Platinum 8173M @ 2.00GHz,,27377,,2123,,165.0,165.92,28,2018,FCLGA3647,Server
Intel Xeon W-2195 @ 2.30GHz,1983.82,27325,13.77,2413,1.22,140.0,195.18,18,2017,FCLGA2066,Server
Intel Xeon Gold 6226R @ 2.90GHz,1372.08,27211,19.83,2290,1.67,150.0,181.41,16,2020,FCLGA3647,Server
Intel Xeon Gold 6208U @ 2.90GHz,1406.99,26901,19.12,2247,1.6,150.0,179.34,16,2020,FCLGA3647,Server
Intel Xeon Platinum 8175M @ 2.50GHz,,26659,,1903,,,,24,2018,FCLGA3647,Server
Intel Xeon Gold 6230 @ 2.10GHz,1990.0,26657,13.4,2285,1.15,125.0,213.25,20,2019,FCLGA3647,Server
Intel Xeon Platinum 8160 @ 2.10GHz,2348.7,26485,11.28,1984,0.84,150.0,176.56,24,2017,FCLGA3647,Server
AMD EPYC 7272,605.45,26446,43.68,2013,3.32,120.0,220.38,12,2020,SP3,Server
Intel Xeon Gold 5318Y @ 2.10GHz,1361.0,26400,19.4,1826,1.34,165.0,160,24,2022,FCLGA4189,Server
Intel Xeon Gold 6242 @ 2.80GHz,2465.14,26288,10.66,2196,0.89,150.0,175.26,16,2019,FCLGA3647,Server
Intel Xeon W-2265 @ 3.50GHz,944.0,25984,27.53,2810,2.98,165.0,157.48,12,2020,FCLGA2066,Server
Intel Xeon W-3235 @ 3.30GHz,1829.99,25974,14.19,2622,1.43,180.0,144.3,12,2019,FCLGA3647,Server
Intel Xeon Gold 5220 @ 2.20GHz,1674.44,25740,15.37,2396,1.43,125.0,205.92,18,2019,FCLGA3647,Server
Intel Xeon E5-2698R v4 @ 2.20GHz,,25532,,2225,,,,20,2021,FCLGA2011-3,Server
AMD EPYC 7351P,739.0,25484,34.48,1809,2.45,155.0,164.41,16,2017,SP3,Server
Intel Xeon Platinum 8167M @ 2.00GHz,,25396,,1455,,,,26,2019,FCLGA3647,Server
Intel Xeon Gold 5218R @ 2.10GHz,1268.96,25191,19.85,2200,1.73,125.0,201.52,20,2021,FCLGA3647,Server
AMD EPYC 7501,3616.0,24925,6.89,1925,0.53,155.0,160.81,32,2017,SP3,Server
Intel Xeon Gold 6138T @ 2.00GHz,7528.0,24800,3.29,2050,0.27,125.0,198.4,20,2020,FCLGA3647,Server
Intel Xeon Gold 6143 @ 2.80GHz,,24786,,2248,,205.0,120.91,16,2019,FCLGA3647,Server
Intel Xeon W-2170B @ 2.50GHz,,24745,,2578,,,,14,2018,FCLGA-2066,Server
Intel Xeon E5-2699 v4 @ 2.20GHz,5957.96,24619,4.13,1937,0.33,145.0,169.79,22,2016,FCLGA2011-3,Server
Intel Xeon Gold 6150 @ 2.70GHz,2411.0,24489,10.16,2190,0.91,165.0,148.42,18,2017,FCLGA3647,Server
Intel Xeon Gold 6246 @ 3.30GHz,3113.22,24446,7.85,2450,0.79,165.0,148.16,12,2019,FCLGA3647,Server
Intel Xeon Gold 6248 @ 2.50GHz,2940.0,24234,8.24,2290,0.78,150.0,161.56,20,2019,FCLGA3647,Server
Intel Xeon Silver 4310 @ 2.10GHz,608.77,23589,38.75,2200,3.61,120.0,196.57,12,2021,FCLGA4189,Server
AMD EPYC 7351,883.99,23566,26.66,1821,2.06,155.0,152.04,16,2019,SP3,Server
Intel Xeon E5-2696 v3 @ 2.30GHz,2498.0,23556,9.43,2209,0.88,145.0,162.45,18,2015,LGA2011-v3,Server
Intel Xeon W-1390 @ 2.80GHz,469.99,23515,50.03,3358,7.14,80.0,293.94,8,2021,FCLGA1200,Server
Intel Xeon E5-2679 v4 @ 2.50GHz,2702.0,23512,8.7,1951,0.72,200.0,117.56,20,2016,FCLGA2011-3,Server
Intel Xeon E-2388G @ 3.20GHz,539.0,23501,43.6,3323,6.16,95.0,247.37,8,2021,FCLGA1200,Server
Intel Xeon Gold 6146 @ 3.20GHz,3062.0,23432,7.65,2493,0.81,165.0,142.01,12,2018,FCLGA3647,Server
Intel Xeon W-2175 @ 2.50GHz,395.0,23215,58.77,2481,6.28,140.0,165.82,14,2019,FCLGA2066,Server
Intel Xeon E5-2696 v4 @ 2.20GHz,2793.95,23207,8.31,2248,0.8,145.0,160.05,22,2016,FCLGA2011-3,Server
Intel Xeon Platinum 8176 @ 2.10GHz,2793.7,23179,8.3,2048,0.73,165.0,140.48,28,2019,FCLGA3647,Server
AMD EPYC 7F32,,23026,,2423,,180.0,127.92,8,2020,SP3,Server
Intel Xeon W-1290P @ 3.70GHz,997.98,22997,23.04,3204,3.21,125.0,183.97,10,2020,FCLGA1200,Server
Intel Xeon Gold 6138 @ 2.00GHz,1662.95,22851,13.74,2220,1.33,125.0,182.81,20,2017,FCLGA3647,Server
Intel Xeon Gold 6140 @ 2.30GHz,1000.0,22733,22.73,1840,1.84,140.0,162.38,18,2017,FCLGA3647,Server
Intel Xeon Platinum 8124M @ 3.00GHz,,22298,,2051,,,,18,2018,FCLGA3647,Server
Intel Xeon Gold 6152 @ 2.10GHz,3167.14,22291,7.04,2155,0.68,140.0,159.22,22,2018,FCLGA3647,Server
Intel Xeon Gold 6136 @ 3.00GHz,2500.0,22266,8.91,2224,0.89,150.0,148.44,12,2017,FCLGA3647,Server
Intel Xeon Gold 6334 @ 3.60GHz,2570.41,22160,8.62,2592,1.01,165.0,134.3,8,2021,FCLGA4189,Server
Intel Xeon Gold 5218 @ 2.30GHz,1405.64,22117,15.73,2245,1.6,125.0,176.94,16,2019,FCLGA3647,Server
Intel Xeon W-1290E @ 3.50GHz,500.0,22066,44.13,2914,5.83,95.0,232.27,10,2021,FCLGA1200,Server
AMD EPYC 7551,2974.12,22005,7.4,1736,0.58,180.0,122.25,32,2017,SP3,Server
Intel Xeon Gold 6130T @ 2.10GHz,1988.0,21803,10.97,1698,0.85,125.0,174.43,16,2020,FCLGA3647,Server
Intel Xeon E5-2698 v4 @ 2.20GHz,908.7,21755,23.94,2141,2.36,135.0,161.15,20,2016,FCLGA2011-3,Server
Intel Xeon E5-2697 v4 @ 2.30GHz,874.0,21545,24.65,1963,2.25,145.0,148.59,18,2016,FCLGA2011-3,Server
Intel Xeon E5-2697A v4 @ 2.60GHz,,21494,,2038,,145.0,148.24,16,2016,FCLGA2011-3,Server
AMD EPYC 7281,1098.95,21230,19.32,1613,1.47,155.0,136.97,16,2017,SP3,Server
Intel Xeon Gold 5315Y @ 3.20GHz,1267.68,21225,16.74,2524,1.99,140.0,151.61,8,2021,FCLGA4189,Server
Intel Xeon W-2155 @ 3.30GHz,1530.39,21198,13.85,2637,1.72,140.0,151.41,10,2018,FCLGA2066,Server
Intel Xeon Gold 6132 @ 2.60GHz,2139.95,21042,9.83,2180,1.02,140.0,150.3,14,2018,FCLGA3647,Server
Intel Xeon Silver 4310T @ 2.30GHz,668.18,20973,31.39,2288,3.42,105.0,199.74,10,2021,FCLGA4189,Server
Intel Xeon E5-2697R v4 @ 2.30GHz,,20843,,2007,,145.0,143.74,18,2021,FCLGA2011-3,Server
AMD EPYC 7262,571.95,20827,36.41,2026,3.54,155.0,134.37,8,2019,SP3,Server
Intel Xeon Gold 6130 @ 2.10GHz,1770.0,20721,11.71,1880,1.06,125.0,165.77,16,2017,FCLGA3647,Server
Intel Xeon W-1290 @ 3.20GHz,619.0,20533,33.17,3093,5.0,80.0,256.66,10,2020,FCLGA1200,Server
AMD EPYC 7451,2015.12,20471,10.16,1975,0.98,180.0,113.73,24,2018,SP3,Server
Intel Xeon W-2150B @ 3.00GHz,,20457,,2711,,,,10,2018,FCLGA2066,Server
Intel Xeon Gold 6244 @ 3.60GHz,2970.0,20402,6.87,2752,0.93,150.0,136.01,8,2019,FCLGA3647,Server
Intel Xeon E5-2695 v4 @ 2.10GHz,592.1,20373,34.41,1948,3.29,120.0,169.77,18,2016,FCLGA2011-3,Server
Intel Xeon E5-2699 v3 @ 2.30GHz,542.53,20138,37.12,1916,3.53,145.0,138.88,18,2014,LGA2011-v3,Server
Intel Xeon E5-2690 v4 @ 2.60GHz,498.31,20094,40.32,1971,3.96,135.0,148.85,14,2016,FCLGA2011-3,Server
Intel Xeon E5-2699C v4 @ 2.20GHz,,20079,,1622,,145.0,138.47,22,2017,FCLGA2011-3,Server
Intel Xeon W-1350P @ 4.00GHz,325.99,19935,61.15,3512,10.77,65.0,306.69,6,2021,FCLGA1200,Server
Intel Xeon Gold 6226 @ 2.70GHz,1769.98,19810,11.19,2104,1.19,125.0,158.48,12,2020,FCLGA3647,Server
Intel Xeon E5-2698 v3 @ 2.30GHz,3405.95,19794,5.81,1990,0.58,135.0,146.62,16,2014,LGA2011-v3,Server
Intel Xeon E5-2682 v4 @ 2.50GHz,,19551,,1868,,120.0,162.93,16,2017,FCLGA2011-3,Server
AMD EPYC 7252,381.22,19550,51.28,1992,5.23,120.0,162.92,8,2021,SP3,Server
Intel Xeon Silver 4216 @ 2.10GHz,1096.66,19451,17.74,1775,1.62,100.0,194.51,16,2019,FCLGA3647,Server
Intel Xeon W-2245 @ 3.90GHz,999.9,19446,19.45,2763,2.76,155.0,125.46,8,2020,FCLGA2066,Server
Intel Xeon Gold 6137 @ 3.90GHz,,19365,,2499,,205.0,94.46,16,2019,FCLGA-3647,Server
Intel Xeon W-1270P @ 3.80GHz,428.0,19245,44.96,3074,7.18,95.0,202.58,8,2020,FCLGA1200,Server
Intel Xeon E5-2697 v3 @ 2.60GHz,200.19,19238,96.1,2009,10.04,145.0,132.67,14,2014,LGA2011-v3,Server
Intel Xeon Gold 6126 @ 2.60GHz,1160.0,19223,16.57,2019,1.74,125.0,153.78,12,2018,FCLGA3647,Server
Intel Xeon Silver 4309Y @ 2.80GHz,677.5,19010,28.06,2494,3.68,105.0,181.05,8,2021,FCLGA4189,Server
Intel Xeon E5-2676 v4 @ 2.40GHz,,18978,,1730,,145.0,130.88,16,2020,FCLGA2011-3,Server
Intel Xeon W-1350 @ 3.30GHz,279.99,18940,67.65,3511,12.54,80.0,236.75,6,2021,FCLGA1200,Server
Intel Xeon Silver 4214R @ 2.40GHz,707.81,18846,26.63,2023,2.86,100.0,188.46,12,2020,FCLGA3647,Server
Intel Xeon E-2356G @ 3.20GHz,333.0,18757,56.33,3507,10.53,80.0,234.47,6,2022,FCLGA1200,Server
Intel Xeon Gold 6144 @ 3.50GHz,2097.0,18656,8.9,2523,1.2,150.0,124.38,8,2017,FCLGA3647,Server
Intel Xeon Platinum P-8124 @ 3.00GHz,,18416,,2007,,240.0,76.73,18,2021,FCLGA3647,Server
Intel Xeon W-1290T @ 1.90GHz,494.0,18409,37.27,2974,6.02,35.0,525.98,10,2021,FCLGA1200,Server
Intel Xeon D-2183IT @ 2.20GHz,1764.0,18385,10.42,1728,0.98,100.0,183.85,16,2018,FCBGA2518,Server
Intel Xeon E-2378 @ 2.60GHz,386.0,18248,47.28,3258,8.44,65.0,280.74,8,2022,FCLGA1200,Server
Intel Xeon E7-8880 v3 @ 2.30GHz,133.0,18244,137.17,1612,12.12,150.0,121.63,18,2016,LGA2011-1,Server
Intel Xeon W-2145 @ 3.70GHz,1224.67,18225,14.88,2625,2.14,140.0,130.18,8,2017,FCLGA2066,Server
Intel Xeon E5-2686 v3 @ 2.00GHz,,18148,,1910,,120.0,151.24,18,2015,LGA2011-v3,Server
Intel Xeon W-1270 @ 3.40GHz,362.0,18093,49.98,3060,8.45,80.0,226.17,8,2020,FCLGA1200,Server
Intel Xeon D-2187NT @ 2.00GHz,1989.0,18070,9.08,1425,0.72,110.0,164.27,16,2020,FCBGA2518,Server
Intel Xeon E5-2680R v4 @ 2.40GHz,,17795,,1833,,120.0,148.29,14,2020,FCLGA2011-3,Server
Intel Xeon E5-2687W v4 @ 3.00GHz,975.1,17757,18.21,2065,2.12,160.0,110.98,12,2016,FCLGA2011-3,Server
Intel Xeon E5-2680 v4 @ 2.40GHz,402.19,17737,44.1,1949,4.85,120.0,147.81,14,2016,FCLGA2011-3,Server
Intel Xeon E-2278G @ 3.40GHz,494.0,17706,35.84,2951,5.97,80.0,221.33,8,2019,FCLGA1151-2,Server
Intel Xeon Gold 5120 @ 2.20GHz,1561.0,17686,11.33,1847,1.18,105.0,168.43,14,2017,FCLGA3647,Server
Intel Xeon W-2140B @ 3.20GHz,,17576,,2579,,,,8,2018,FCLGA2066,Server
Intel Xeon Gold 5120T @ 2.20GHz,1727.0,17540,10.16,1827,1.06,105.0,167.04,14,2018,FCLGA3647,Server
Intel Xeon E5-2673 v4 @ 2.30GHz,1950.0,17533,8.99,1909,0.98,135.0,129.87,20,2016,FCLGA2011-3,Server
Intel Xeon W-3223 @ 3.50GHz,820.55,17456,21.27,2503,3.05,160.0,109.1,8,2020,FCLGA3647,Server
Intel Xeon E5-4669 v3 @ 2.10GHz,5400.0,17430,3.23,1474,0.27,135.0,129.11,18,2015,FCLGA2011-3,Server
Intel Xeon E5-2683 v4 @ 2.10GHz,421.0,17388,41.3,1633,3.88,120.0,144.9,16,2016,FCLGA2011-3,Server
Intel Xeon E-2288G @ 3.70GHz,539.0,17313,32.12,2927,5.43,95.0,182.24,8,2019,FCLGA1151-2,Server
AMD EPYC 7232P,390.27,17017,43.6,1549,3.97,120.0,141.81,8,2020,SP3,Server
Intel Xeon E5-2689 v4 @ 3.10GHz,,16936,,2343,,165.0,102.64,10,2016,FCLGA2011-3,Server
Intel Xeon E5-2686 v4 @ 2.30GHz,,16745,,1613,,145.0,115.48,18,2016,FCLGA2011-3,Server
Intel Xeon Gold 6134 @ 3.20GHz,1699.99,16518,9.72,2240,1.32,130.0,127.06,8,2017,FCLGA3647,Server
Intel Xeon E5-2690 v3 @ 2.60GHz,235.19,16444,69.92,1903,8.09,135.0,121.8,12,2014,LGA2011-v3,Server
Intel Xeon Gold 5118 @ 2.30GHz,699.0,16287,23.3,1746,2.5,105.0,155.12,12,2017,FCLGA3647,Server
Intel Xeon E5-2669 v3 @ 2.30GHz,,16107,,1502,,120.0,134.23,12,2016,LGA2011-v3,Server
Intel Xeon E-2336 @ 2.90GHz,304.0,15900,52.3,3353,11.03,65.0,244.61,6,2022,FCLGA1200,Server
Intel Xeon Gold 5117 @ 2.00GHz,,15816,,1531,,105.0,150.63,14,2017,unknown,Server
Intel Xeon E5-2695 v3 @ 2.30GHz,243.19,15801,64.97,1739,7.15,120.0,131.68,14,2014,LGA2011-v3,Server
Intel Xeon Silver 4214 @ 2.20GHz,761.7,15772,20.71,1712,2.25,85.0,185.55,12,2019,FCLGA3647,Server
Intel Xeon E5-2680 v3 @ 2.50GHz,142.0,15522,109.31,1774,12.49,120.0,129.35,12,2014,LGA2011-v3,Server
Intel Xeon Gold 5217 @ 3.00GHz,1645.0,15429,9.38,2173,1.32,115.0,134.16,8,2019,FCLGA3647,Server
Intel Xeon Gold 5215 @ 2.50GHz,1384.95,15420,11.13,1866,1.35,85.0,181.42,10,2019,FCLGA3647,Server
Intel Xeon E5-4667 v3 @ 2.00GHz,5729.0,15397,2.69,1461,0.26,135.0,114.05,16,2018,FCLGA2011-3,Server
Intel Xeon E-2278GE @ 3.30GHz,494.0,15252,30.88,2639,5.34,80.0,190.66,8,2020,FCLGA1151-2,Server
Intel Xeon Silver 4214Y @ 2.20GHz,768.0,15248,19.85,1790,2.33,85.0,179.39,12,2020,FCLGA3647,Server
Intel Xeon Silver 4116T @ 2.10GHz,1112.0,15187,13.66,1781,1.6,85.0,178.66,12,2021,FCLGA3647,Server
Intel Xeon Silver 4215R @ 3.20GHz,860.0,15147,17.61,2349,2.73,130.0,116.51,8,2020,FCLGA3647,Server
Intel Xeon D-2166NT @ 2.00GHz,1005.0,15105,15.03,1751,1.74,85.0,177.7,12,2020,FCBGA2518,Server
Intel Xeon E5-2660 v4 @ 2.00GHz,254.45,15038,59.1,1897,7.46,105.0,143.22,14,2016,FCLGA2011-3,Server
Intel Xeon Silver 4210R @ 2.40GHz,519.99,15030,28.9,1831,3.52,100.0,150.3,10,2020,FCLGA3647,Server
AMD EPYC 7301,1499.98,14991,9.99,1363,0.91,155.0,96.72,16,2019,SP3,Server
AMD EPYC 7251,1111.0,14935,13.44,1671,1.5,120.0,124.46,8,2018,SP3,Server
Intel Xeon Silver 4116 @ 2.10GHz,389.99,14931,38.29,1709,4.38,85.0,175.66,12,2018,FCLGA3647,Server
Intel Xeon E5-2699A v4 @ 2.40GHz,4938.0,14917,3.02,1037,0.21,145.0,102.87,22,2019,FCLGA2011-3,Server
Intel Xeon E5-2658A v3 @ 2.20GHz,1832.0,14879,8.12,1688,0.92,105.0,141.71,12,2019,FCLGA2011-3,Server
Intel Xeon E5-2683 v3 @ 2.00GHz,1498.95,14829,9.89,1571,1.05,120.0,123.57,14,2015,LGA2011-v3,Server
Intel Xeon E5-1681 v3 @ 2.90GHz,,14820,,2040,,135.0,109.78,10,2016,LGA2011-v3,Server
Intel Xeon E5-2687W v3 @ 3.10GHz,679.95,14812,21.78,1897,2.79,160.0,92.57,10,2014,LGA2011-v3,Server
Intel Xeon E5-2678 v3 @ 2.50GHz,170.0,14682,86.36,1718,10.1,120.0,122.35,12,2015,LGA2011-v3,Server
Intel Xeon E5-2676 v3 @ 2.40GHz,,14537,,1687,,120.0,121.14,12,2015,LGA2011-v3,Server
Intel Core i3-12100F,107.99,14490,134.18,3532,32.71,58.0,249.83,4,2022,FCLGA1700,Server
Intel Xeon Silver 4215 @ 2.50GHz,869.95,14439,16.6,2060,2.37,85.0,169.87,8,2019,FCLGA3647,Server
Intel Xeon E5-2658 v4 @ 2.30GHz,,14434,,1583,,105.0,137.46,14,2016,FCLGA2011-3,Server
Intel Xeon Silver 4123 @ 3.00GHz,,14405,,1967,,105.0,137.19,8,2018,unknown,Server
Intel Xeon E-2286G @ 4.00GHz,551.26,14384,26.09,2846,5.16,95.0,151.41,6,2019,FCLGA1151-2,Server
Intel Xeon W-2235 @ 3.80GHz,582.99,14332,24.58,2662,4.57,130.0,110.25,6,2020,FCLGA2066,Server
Intel Xeon E-2236 @ 3.40GHz,327.31,14307,43.71,2851,8.71,80.0,178.84,6,2019,FCLGA1151-2,Server
Intel Xeon Silver 4210 @ 2.20GHz,449.0,14285,31.82,1858,4.14,85.0,168.06,10,2019,FCLGA3647,Server
Intel Xeon Gold 6128 @ 3.40GHz,1719.0,14273,8.3,2247,1.31,115.0,124.11,6,2017,FCLGA3647,Server
Intel Xeon E5-4660 v3 @ 2.10GHz,4800.0,14256,2.97,1558,0.32,120.0,118.8,14,2017,FCLGA2011-3,Server
Intel Xeon E5-2697 v2 @ 2.70GHz,162.5,14218,87.49,1811,11.14,130.0,109.37,12,2013,FCLGA2011,Server
Intel Xeon E5-2696 v2 @ 2.50GHz,,14206,,1643,,,,12,2013,LGA2011,Server
Intel Xeon E5-1680 v4 @ 3.40GHz,4719.0,14120,2.99,2348,0.5,140.0,100.86,8,2016,FCLGA2011-3,Server
Intel Xeon E5-2673 v3 @ 2.40GHz,700.0,14112,20.16,1723,2.46,110.0,128.29,12,2015,LGA2011-v3,Server
Intel Xeon W-2135 @ 3.70GHz,1007.7,14109,14.0,2592,2.57,140.0,100.78,6,2017,FCLGA2066,Server
Intel Xeon E-2374G @ 3.70GHz,357.0,14086,39.46,3445,9.65,80.0,176.07,4,2022,FCLGA1200,Server
Intel Xeon E-2246G @ 3.60GHz,311.0,14050,45.18,2825,9.08,80.0,175.62,6,2019,FCLGA1151-2,Server
AMD EPYC 3251,315.0,13965,44.33,1872,5.94,50.0,279.3,8,2019,SP4r2,Server
Intel Xeon E5-2670 v3 @ 2.30GHz,63.99,13917,217.48,1695,26.5,120.0,115.97,12,2014,LGA2011-v3,Server
Intel Xeon E-2186G @ 3.80GHz,542.78,13909,25.63,2780,5.12,95.0,146.41,6,2018,FCLGA1151-2,Server
Intel Xeon E5-2667 v4 @ 3.20GHz,357.5,13846,38.73,2158,6.04,135.0,102.57,8,2016,FCLGA2011-3,Server
Intel Xeon W-1250 @ 3.30GHz,312.39,13799,44.17,2859,9.15,80.0,172.49,6,2020,FCLGA1200,Server
Intel Xeon E-2176G @ 3.70GHz,448.0,13643,30.45,2749,6.14,80.0,170.54,6,2018,FCLGA1151-2,Server
Intel Xeon W-1270TE @ 2.00GHz,367.0,13553,36.93,2796,7.62,35.0,387.24,8,2021,FCLGA1200,Server
Intel Xeon E5-2695 v2 @ 2.40GHz,183.0,13521,73.88,1604,8.77,115.0,117.57,12,2013,LGA 2011,Server
Intel Xeon E5-2650 v4 @ 2.20GHz,1199.99,13489,11.24,1578,1.31,105.0,128.47,12,2016,FCLGA2011-3,Server
Intel Xeon E5-2658 v3 @ 2.20GHz,,13487,,1711,,105.0,128.45,12,2015,LGA2011-v3,Server
Intel Xeon E5-2690 v2 @ 3.00GHz,148.0,13481,91.08,1880,12.7,130.0,103.7,10,2013,FCLGA2011,Server
Intel Xeon E-2276G @ 3.80GHz,442.9,13371,30.19,2894,6.53,80.0,167.13,6,2019,FCLGA1151-2,Server
Intel Xeon E-2136 @ 3.30GHz,321.99,13356,41.48,2711,8.42,80.0,166.96,6,2018,FCLGA1151-2,Server
Intel Xeon E-2146G @ 3.50GHz,369.94,13351,36.09,2679,7.24,80.0,166.89,6,2018,FCLGA1151-2,Server
Intel Xeon E5-1660 v4 @ 3.20GHz,1494.0,13340,8.93,2193,1.47,140.0,95.29,8,2016,FCLGA2011-3,Server
Intel Xeon E5-1680 v3 @ 3.20GHz,589.99,13214,22.4,2127,3.61,140.0,94.38,8,2015,LGA2011-v3,Server
Intel Xeon E-2334 @ 3.40GHz,305.99,13189,43.1,3244,10.6,65.0,202.9,4,2022,FCLGA1200,Server
Intel Xeon Silver 4114 @ 2.20GHz,775.0,13169,16.99,1681,2.17,85.0,154.93,10,2017,FCLGA3647,Server
Intel Xeon E5-2660 v3 @ 2.60GHz,142.73,13146,92.1,1796,12.58,105.0,125.2,10,2014,LGA2011-v3,Server
Intel Xeon D-2143IT @ 2.20GHz,566.0,13107,23.16,1812,3.2,65.0,201.64,8,2018,FCBGA2518,Server
Intel Xeon E5-4627 v4 @ 2.60GHz,999.99,12969,12.97,2030,2.03,135.0,96.07,10,2017,FCLGA2011-3,Server
Intel Xeon E5-2685 v3 @ 2.60GHz,,12944,,1726,,120.0,107.87,12,2015,LGA2011-v3,Server
Intel Xeon E5-2618L v4 @ 2.20GHz,700.39,12816,18.3,2013,2.87,75.0,170.88,10,2017,FCLGA2011-3,Server
Intel Xeon E5-2680 v2 @ 2.80GHz,139.53,12530,89.8,1789,12.82,115.0,108.96,10,2013,FCLGA2011,Server
Intel Xeon E5-1680 v2 @ 3.00GHz,,12503,,2074,,130.0,96.18,8,2014,LGA 2011,Server
Intel Xeon E5-4657L v2 @ 2.40GHz,751.19,12495,16.63,1478,1.97,115.0,108.66,12,2015,FCLGA2011,Server
Intel Xeon W-2133 @ 3.60GHz,617.0,12438,20.16,2274,3.68,140.0,88.84,6,2017,FCLGA2066,Server
Intel Xeon E5-2649 v3 @ 2.30GHz,,12399,,1674,,105.0,118.09,10,2018,LGA2011-v3,Server
Intel Xeon E5-1660 v3 @ 3.00GHz,398.95,12360,30.98,1976,4.95,140.0,88.28,8,2014,LGA2011-v3,Server
Intel Xeon E5-2667 v3 @ 3.20GHz,403.0,12354,30.66,1983,4.92,135.0,91.51,8,2014,LGA2011-v3,Server
Intel Xeon E5-2667 v2 @ 3.30GHz,174.95,12222,69.86,2018,11.53,130.0,94.02,8,2014,LGA 2011,Server
Intel Xeon D-2141I @ 2.20GHz,555.0,12177,21.94,1756,3.16,65.0,187.33,8,2019,FCBGA2518,Server
Intel Xeon E5-2692 v2 @ 2.20GHz,,12119,,1571,,115.0,105.38,12,2016,LGA 2011,Server
Intel Xeon E5-2687W v2 @ 3.40GHz,432.19,12083,27.96,2067,4.78,150.0,80.56,8,2013,FCLGA2011,Server
Intel Xeon E-2278GEL @ 2.00GHz,494.0,12024,24.34,2428,4.91,35.0,343.53,8,2019,FCLGA1151-2,Server
Intel Xeon E5-2675 v3 @ 1.80GHz,,11960,,1209,,,,16,2016,LGA2011-v3,Server
Intel Xeon E5-2640 v4 @ 2.40GHz,461.0,11950,25.92,1818,3.94,90.0,132.78,10,2016,FCLGA2011-3,Server
Intel Xeon E5-2650 v3 @ 2.30GHz,107.87,11931,110.61,1629,15.1,105.0,113.63,10,2014,LGA2011-v3,Server
Intel Xeon E5-2673 v2 @ 3.30GHz,,11919,,1959,,110.0,108.35,8,2016,LGA 2011,Server
Intel Xeon E5-2650L v3 @ 1.80GHz,1365.0,11820,8.66,1397,1.02,65.0,181.85,12,2015,LGA2011-v3,Server
Intel Xeon E5-2663 v3 @ 2.80GHz,,11777,,2040,,120.0,98.14,10,2015,LGA2011-v3,Server
Intel Xeon D-2146NT @ 2.30GHz,641.0,11736,18.31,1802,2.81,80.0,146.69,8,2019,FCBGA2518,Server
Intel Xeon E5-2670 v2 @ 2.50GHz,79.0,11718,148.33,1658,20.99,115.0,101.9,10,2014,FCLGA2011,Server
Intel Xeon D-1577 @ 1.30GHz,1176.0,11645,9.9,1319,1.12,45.0,258.78,16,2020,FCBGA1667,Server
Intel Xeon E5-2648L v4 @ 1.80GHz,1298.7,11547,8.89,1435,1.1,75.0,153.96,14,2017,FCLGA2011-3,Server
Intel Xeon E5-1650 v4 @ 3.60GHz,453.7,11534,25.42,2406,5.3,140.0,82.38,6,2016,FCLGA2011-3,Server
Intel Xeon E5-4669 v4 @ 2.20GHz,,11523,,1366,,135.0,85.35,22,2017,FCLGA2011-3,Server
Intel Xeon E5-2650L v4 @ 1.70GHz,700.0,11436,16.34,1385,1.98,65.0,175.93,14,2017,FCLGA2011-3,Server
Intel Xeon E5-2630 v4 @ 2.20GHz,374.95,11373,30.33,1774,4.73,85.0,133.8,10,2016,FCLGA2011-3,Server
Intel Xeon E5-4627 v3 @ 2.60GHz,2400.0,11344,4.73,1749,0.73,135.0,84.03,10,2016,FCLGA2011-3,Server
Intel Xeon E5-2640 v3 @ 2.60GHz,59.0,11205,189.91,1865,31.6,90.0,124.5,8,2014,LGA2011-v3,Server
Intel Xeon E5-2643 v4 @ 3.40GHz,383.5,11152,29.08,2249,5.87,135.0,82.61,6,2016,FCLGA2011-3,Server
Intel Xeon Silver 4208 @ 2.10GHz,482.01,11137,23.11,1821,3.78,85.0,131.02,8,2019,FCLGA3647,Server
Intel Xeon E-2226G @ 3.40GHz,326.54,11119,34.05,2853,8.74,80.0,138.99,6,2019,FCLGA1151-2,Server
Intel Xeon E5-2628L v4 @ 1.90GHz,1364.0,11079,8.12,1433,1.05,75.0,147.72,12,2017,FCLGA2011-3,Server
Intel Xeon E5-2470 v2 @ 2.40GHz,237.45,10902,45.91,1503,6.33,95.0,114.76,10,2016,LGA 1356,Server
Intel Xeon E5-2630L v4 @ 1.80GHz,98.0,10864,110.86,1743,17.79,55.0,197.53,10,2017,FCLGA2011-3,Server
Intel Xeon W-2225 @ 4.10GHz,513.0,10844,21.14,2667,5.2,105.0,103.28,4,2020,FCLGA2066,Server
Intel Xeon E5-4650 v3 @ 2.10GHz,3838.0,10838,2.82,1384,0.36,105.0,103.22,12,2018,FCLGA2011-3,Server
Intel Xeon E-2126G @ 3.30GHz,320.29,10747,33.55,2652,8.28,80.0,134.34,6,2018,FCLGA1151-2,Server
Intel Xeon E5-4620 v3 @ 2.00GHz,778.7,10525,13.52,1486,1.91,105.0,100.24,10,2019,FCLGA2011-3,Server
Intel Xeon D-1581 @ 1.80GHz,,10476,,1466,,65.0,161.16,16,2021,FCBGA1667,Server
Intel Xeon E5-2618L v3 @ 2.30GHz,1029.95,10464,10.16,1872,1.82,75.0,139.52,8,2017,LGA2011-v3,Server
Intel Xeon E5-2630 v3 @ 2.40GHz,74.99,10392,138.58,1771,23.62,85.0,122.26,8,2014,LGA2011-v3,Server
Intel Xeon E5-2643 v3 @ 3.40GHz,2499.95,10391,4.16,2071,0.83,135.0,76.97,6,2015,LGA2011-v3,Server
Intel Xeon E5-2660 v2 @ 2.20GHz,79.0,10382,131.41,1498,18.96,95.0,109.28,10,2014,LGA 2011,Server
Intel Xeon E5-1650 v3 @ 3.50GHz,819.95,10373,12.65,2116,2.58,140.0,74.1,6,2014,LGA2011-v3,Server
Intel Xeon E5-4640 v3 @ 1.90GHz,,10372,,1514,,105.0,98.78,12,2017,FCLGA2011-3,Server
Intel Xeon Silver 4109T @ 2.00GHz,607.75,10348,17.03,1445,2.38,70.0,147.83,8,2018,FCLGA3647,Server
Intel Core i5-1140G7 @ 1.10GHz,,10279,,2612,,15.0,685.29,4,2021,FCBGA1598,Server
Intel Xeon E5-2658 v2 @ 2.40GHz,3604.0,10274,2.85,1442,0.4,95.0,108.15,10,2013,LGA 2011,Server
AMD EPYC 3201,,10258,,1928,,30.0,341.94,8,2019,SP4r2,Server
Intel Xeon Silver 4110 @ 2.10GHz,530.0,10246,19.33,1613,3.04,85.0,120.54,8,2017,FCLGA3647,Server
Intel Xeon E5-1660 v2 @ 3.70GHz,1798.95,10223,5.68,2073,1.15,130.0,78.64,6,2013,LGA 2011,Server
Intel Xeon D-1541 @ 2.10GHz,,10170,,1702,,45.0,226.01,8,2016,FCBGA1667,Server
Intel Xeon W-2125 @ 4.00GHz,998.95,10039,10.05,2599,2.6,120.0,83.66,4,2017,FCLGA2066,Server
Intel Xeon D-1540 @ 2.00GHz,,10028,,1602,,45.0,222.84,8,2015,FCBGA1667,Server
Intel Xeon E5-2650 v2 @ 2.60GHz,70.0,9995,142.78,1675,23.93,95.0,105.21,8,2013,FCLGA2011,Server
Intel Xeon E5-2628L v3 @ 2.00GHz,,9949,,1483,,75.0,132.65,10,2015,LGA2011-v3,Server
Intel Xeon E-2234 @ 3.60GHz,294.99,9903,33.57,2871,9.73,71.0,139.48,4,2020,FCLGA1151-2,Server
Intel Xeon E5-2648L v3 @ 1.80GHz,1530.37,9847,6.43,1292,0.84,75.0,131.29,12,2016,LGA2011-v3,Server
Intel Xeon E5-2690 @ 2.90GHz,135.4,9832,72.61,1657,12.24,135.0,72.83,8,2012,LGA2011,Server
Intel Xeon E-2244G @ 3.80GHz,413.0,9826,23.79,2807,6.8,71.0,138.39,4,2019,FCLGA1151-2,Server
Intel Xeon E5-2687W @ 3.10GHz,192.0,9796,51.02,1693,8.82,150.0,65.31,8,2012,LGA2011,Server
Intel Xeon E5-2689 @ 2.60GHz,182.75,9767,53.45,1571,8.6,115.0,84.93,8,2013,LGA 2011,Server
Intel Xeon E-2274G @ 4.00GHz,334.0,9660,28.92,2758,8.26,83.0,116.39,4,2019,FCLGA1151-2,Server
Intel Xeon E-2174G @ 3.80GHz,349.99,9596,27.42,2650,7.57,71.0,135.15,4,2018,FCLGA1151-2,Server
Intel Xeon Gold 5222 @ 3.80GHz,1476.32,9428,6.39,2372,1.61,105.0,89.79,4,2019,FCLGA3647,Server
Intel Xeon E5-4655 v3 @ 2.90GHz,4616.0,9377,2.03,1817,0.39,135.0,69.46,6,2018,FCLGA2011-3,Server
Intel Xeon E5-2680 @ 2.70GHz,85.45,9361,109.55,1561,18.27,130.0,72.01,8,2012,LGA2011,Server
Intel Xeon E5-1650 v2 @ 3.50GHz,238.02,9323,39.17,2026,8.51,130.0,71.71,6,2013,FCLGA2011,Server
Intel Xeon E-2144G @ 3.60GHz,301.17,9322,30.95,2679,8.89,71.0,131.29,4,2019,FCLGA1151-2,Server
Intel Xeon E5-4627 v2 @ 3.30GHz,498.95,9320,18.68,1786,3.58,130.0,71.69,8,2015,FCLGA2011,Server
Intel Xeon E3-1285 v6 @ 4.10GHz,544.91,9276,17.02,2692,4.94,79.0,117.41,4,2018,FCLGA1151,Server
Intel Xeon Silver 4108 @ 1.80GHz,489.95,9262,18.9,1558,3.18,85.0,108.97,8,2018,FCLGA3647,Server
Intel Xeon D-1567 @ 2.10GHz,,9236,,988,,65.0,142.09,12,2017,FCBGA1667,Server
Intel Xeon E3-1275 v6 @ 3.80GHz,353.61,9229,26.1,2593,7.33,73.0,126.43,4,2017,FCLGA1151,Server
Intel Xeon D-1587 @ 1.70GHz,,9223,,835,,65.0,141.9,16,2016,FCBGA1667,Server
Intel Xeon E5-2651 v2 @ 1.80GHz,278.1,9216,33.14,1118,4.02,,,12,2016,LGA 2011,Server
Intel Xeon E3-1280 v6 @ 3.90GHz,592.18,9166,15.48,2561,4.32,72.0,127.3,4,2017,FCLGA1151,Server
Intel Xeon E5-2620 v4 @ 2.10GHz,253.99,9152,36.03,1610,6.34,85.0,107.68,8,2016,FCLGA2011-3,Server
Intel Xeon E5-2629 v3 @ 2.40GHz,499.88,9139,18.28,1426,2.85,85.0,107.52,8,2016,LGA2011-v3,Server
Intel Xeon D-1715TER @ 2.40GHz,285.0,9104,31.94,2269,7.96,50.0,182.08,4,2022,FCBGA2227,Server
Intel Xeon E5-2643 v2 @ 3.50GHz,398.95,9083,22.77,1895,4.75,130.0,69.87,6,2013,FCLGA2011,Server
Intel Xeon D-1548 @ 2.00GHz,555.0,9075,16.35,1647,2.97,45.0,201.66,8,2019,FCBGA1667,Server
Intel Xeon E5-4648 v3 @ 1.70GHz,,9061,,1317,,105.0,86.3,12,2017,FCLGA2011-3,Server
Intel Xeon E5-2630L v3 @ 1.80GHz,79.0,8978,113.64,1532,19.39,55.0,163.23,8,2016,LGA2011-v3,Server
Intel Xeon E5-2670 @ 2.60GHz,71.0,8902,125.37,1477,20.8,115.0,77.41,8,2012,LGA2011,Server
Intel Xeon E3-1270 v6 @ 3.80GHz,316.71,8862,27.98,2462,7.77,72.0,123.08,4,2017,FCLGA1151,Server
Intel Xeon E3-1240 v6 @ 3.70GHz,374.45,8853,23.64,2456,6.56,72.0,122.95,4,2017,FCLGA1151,Server
Intel Xeon Gold 5122 @ 3.60GHz,904.33,8771,9.7,2120,2.34,105.0,83.53,4,2017,FCLGA3647,Server
Intel Xeon E-2134 @ 3.50GHz,297.57,8741,29.37,2569,8.63,71.0,123.11,4,2019,FCLGA1151-2,Server
Intel Xeon W-2223 @ 3.60GHz,289.99,8686,29.95,2255,7.78,120.0,72.39,4,2020,FCLGA2066,Server
Intel Xeon E3-1245 v6 @ 3.70GHz,496.3,8659,17.45,2441,4.92,73.0,118.62,4,2017,FCLGA1151,Server
Intel Xeon E5-4650 @ 2.70GHz,78.19,8630,110.38,1476,18.87,130.0,66.39,8,2012,LGA2011,Server
Intel Xeon E5-2648L v2 @ 1.90GHz,945.0,8611,9.11,1350,1.43,70.0,123.01,10,2017,FCLGA2011,Server
Intel Xeon W-2123 @ 3.60GHz,427.11,8489,19.87,2229,5.22,120.0,70.74,4,2017,FCLGA2066,Server
Intel Xeon E5-4650L @ 2.60GHz,59.99,8472,141.22,1393,23.23,115.0,73.67,8,2017,LGA 2011,Server
Intel Xeon E5-2628 v3 @ 2.50GHz,,8447,,1754,,85.0,99.37,8,2021,LGA2011-v3,Server
Intel Xeon E-2314 @ 2.80GHz,195.0,8422,43.19,3089,15.84,65.0,129.57,4,2022,FCLGA1200,Server
Intel Xeon E3-1275 v5 @ 3.60GHz,444.04,8421,18.97,2327,5.24,80.0,105.27,4,2015,FCLGA1151,Server
Intel Xeon E5-1660 @ 3.30GHz,267.19,8417,31.5,1790,6.7,130.0,64.75,6,2012,LGA2011,Server
Intel Xeon E5-2665 @ 2.40GHz,88.0,8411,95.58,1399,15.89,115.0,73.14,8,2012,LGA2011,Server
Intel Xeon E3-1585 v5 @ 3.50GHz,556.0,8408,15.12,2402,4.32,65.0,129.35,4,2017,FCBGA1440,Server
Intel Xeon E3-1230 v6 @ 3.50GHz,595.44,8408,14.12,2352,3.95,72.0,116.77,4,2017,FCLGA1151,Server
Intel Xeon E3-1280 v5 @ 3.70GHz,395.0,8320,21.06,2343,5.93,80.0,104,4,2016,FCLGA1151,Server
AMD Opteron 6386 SE,135.09,8320,61.59,1340,9.92,140.0,59.43,16,2014,Socket G34,Server
Intel Xeon E3-1270 v5 @ 3.60GHz,912.0,8317,9.12,2279,2.5,80.0,103.96,4,2015,FCLGA1151,Server
Intel Xeon E3-1240 v5 @ 3.50GHz,325.0,8254,25.4,2323,7.15,80.0,103.18,4,2015,FCLGA1151,Server
Intel Xeon E5-2470 @ 2.30GHz,140.0,8240,58.85,1443,10.31,95.0,86.73,8,2013,LGA 1356,Server
Intel Xeon E5-1650 @ 3.20GHz,112.0,8113,72.44,1745,15.58,130.0,62.41,6,2012,LGA2011,Server
Intel Xeon E5-2660 @ 2.20GHz,64.73,8104,125.19,1395,21.55,95.0,85.3,8,2012,LGA2011,Server
Intel Xeon E3-1245 v5 @ 3.50GHz,139.99,8073,57.67,2284,16.32,80.0,100.91,4,2015,FCLGA1151,Server
AMD Opteron 6348,1708.67,8030,4.7,1302,0.76,115.0,69.83,6,2013,unknown,Server
Intel Xeon E3-1285L v4 @ 3.40GHz,1230.0,8022,6.52,2340,1.9,65.0,123.42,4,2016,LGA1150,Server
Intel Xeon E3-1585L v5 @ 3.00GHz,445.0,8021,18.02,2179,4.9,45.0,178.24,4,2018,FCBGA1440,Server
Intel Xeon E3-1515M v5 @ 2.80GHz,,7938,,2148,,45.0,176.4,4,2017,FCBGA1440,Server
Intel Xeon E5-2620 v3 @ 2.40GHz,55.24,7906,143.12,1693,30.64,85.0,93.01,6,2014,LGA2011-v3,Server
Intel Xeon E3-1230 v5 @ 3.40GHz,916.0,7880,8.6,2122,2.32,80.0,98.5,4,2016,FCLGA1151,Server
Intel Xeon E3-1260L v5 @ 2.90GHz,258.7,7757,29.98,2287,8.84,45.0,172.37,4,2016,FCLGA1151,Server
Intel Xeon E5-2640 v2 @ 2.00GHz,66.01,7741,117.27,1275,19.32,95.0,81.48,8,2014,LGA 2011,Server
Intel Xeon D-2123IT @ 2.20GHz,213.0,7731,36.3,1750,8.22,60.0,128.86,4,2018,FCBGA2518,Server
Intel Xeon E3-1270L v4 @ 3.00GHz,,7662,,2378,,45.0,170.26,4,2019,LGA1150,Server
Intel Xeon E3-1575M v5 @ 3.00GHz,1207.0,7629,6.32,2125,1.76,45.0,169.54,4,2016,FCBGA1440,Server
Intel Xeon E3-1285 v4 @ 3.50GHz,,7614,,2260,,95.0,80.15,4,2018,FCLGA1150,Server
Intel Xeon E5-1630 v4 @ 3.70GHz,,7585,,2366,,140.0,54.18,4,2016,FCLGA2011-3,Server
Intel Xeon E5-2623 v4 @ 2.60GHz,84.0,7582,90.26,1696,20.2,85.0,89.2,4,2016,FCLGA2011-3,Server
Intel Xeon E-2224G @ 3.50GHz,267.56,7545,28.2,2726,10.19,71.0,106.26,4,2019,FCLGA1151-2,Server
Intel Xeon E-2124G @ 3.40GHz,229.99,7518,32.69,2749,11.95,71.0,105.89,4,2018,FCLGA1151-2,Server
Intel Xeon E5-2667 @ 2.90GHz,96.19,7501,77.98,1596,16.6,130.0,57.7,6,2012,LGA2011,Server
Intel Xeon E5-2637 v3 @ 3.50GHz,112.0,7485,66.83,2040,18.22,135.0,55.44,4,2014,LGA2011-v3,Server
Intel Xeon E5-2650L v2 @ 1.70GHz,79.0,7475,94.62,1102,13.95,70.0,106.79,10,2017,FCLGA2011,Server
Intel Xeon E5-2630 v2 @ 2.60GHz,69.0,7470,108.26,1574,22.82,80.0,93.37,6,2013,FCLGA2011,Server
Intel Xeon E5-1630 v3 @ 3.70GHz,1346.0,7456,5.54,2127,1.58,140.0,53.26,4,2014,LGA2011-v3,Server
Intel Xeon D-1531 @ 2.20GHz,348.0,7447,21.4,1424,4.09,45.0,165.48,6,2017,FCBGA1667,Server
Intel Xeon E5-1620 v4 @ 3.50GHz,219.3,7437,33.91,2251,10.27,140.0,53.12,4,2016,FCLGA2011-3,Server
Intel Xeon E3-1271 v3 @ 3.60GHz,149.99,7432,49.55,2271,15.14,80.0,92.91,4,2014,FCLGA1150,Server
Intel Xeon E3-1286 v3 @ 3.70GHz,839.0,7418,8.84,2391,2.85,84.0,88.31,4,2014,LGA1150,Server
Intel Xeon E5-2450 @ 2.10GHz,64.0,7410,115.78,1154,18.02,95.0,78,8,2015,LGA 1356,Server
Intel Xeon E3-1281 v3 @ 3.70GHz,546.25,7406,13.56,2340,4.28,82.0,90.31,4,2015,LGA1150,Server
Intel Xeon D-1559 @ 1.50GHz,,7353,,957,,45.0,163.4,12,2017,FCBGA1667,Server
Intel Xeon E3-1276 v3 @ 3.60GHz,978.0,7345,7.51,2258,2.31,84.0,87.45,4,2014,FCLGA1150,Server
Intel Xeon E5-2650 @ 2.00GHz,49.0,7335,149.68,1266,25.84,95.0,77.21,8,2012,LGA2011,Server
AMD Opteron 6281,,7279,,1129,,,,8,2019,Socket G34,Server
Intel Xeon E3-1280 v3 @ 3.60GHz,249.0,7256,29.14,2294,9.21,82.0,88.49,4,2013,LGA1150,Server
Intel Xeon E3-1270 v3 @ 3.50GHz,128.99,7245,56.17,2184,16.93,80.0,90.56,4,2013,LGA1150,Server
Intel Xeon E5-4610 v3 @ 1.70GHz,1219.0,7229,5.93,1027,0.84,105.0,68.85,10,2019,FCLGA2011-3,Server
Intel Xeon E-2224 @ 3.40GHz,250.17,7223,28.87,2434,9.73,71.0,101.73,4,2019,FCLGA1151-2,Server
Intel Xeon E3-1246 v3 @ 3.50GHz,826.0,7218,8.74,2189,2.65,84.0,85.93,4,2014,FCLGA1150,Server
Intel Xeon W3690 @ 3.47GHz,450.19,7208,16.01,1606,3.57,130.0,55.45,6,2011,LGA1366,Server
Intel Xeon E5-2628L v2 @ 1.90GHz,,7181,,1106,,70.0,102.58,8,2015,LGA 2011,Server
Intel Xeon D-1537 @ 1.70GHz,571.0,7176,12.57,1104,1.93,35.0,205.03,8,2018,FCBGA1667,Server
Intel Xeon D-1539 @ 1.60GHz,486.0,7175,14.76,1179,2.43,35.0,204.99,8,2019,FCBGA1667,Server
Intel Xeon E3-1275 v3 @ 3.50GHz,199.99,7143,35.72,2213,11.06,95.0,75.19,4,2013,LGA1150,Server
Intel Xeon D-1557 @ 1.50GHz,694.0,7118,10.26,718,1.03,45.0,158.18,12,2019,FCBGA1667,Server
Intel Xeon X5679 @ 3.20GHz,,7095,,1547,,115.0,61.7,6,2011,LGA1366,Server
Intel Xeon E3-1505M v5 @ 2.80GHz,,7092,,2033,,45.0,157.6,4,2015,FCBGA1440,Server
Intel Xeon E3-1505M v6 @ 3.00GHz,,7080,,2183,,45.0,157.34,4,2017,unknown,Server
Intel Xeon E3-1241 v3 @ 3.50GHz,79.99,7070,88.39,2150,26.88,80.0,88.38,4,2014,LGA1150,Server
Intel Xeon E3-1240 v3 @ 3.40GHz,64.87,7065,108.91,2161,33.31,80.0,88.32,4,2013,LGA1150,Server
Intel Xeon E5-4640 @ 2.40GHz,59.99,7012,116.89,1233,20.55,95.0,73.81,8,2012,LGA2011,Server
Intel Xeon E3-1245 v3 @ 3.40GHz,299.0,7008,23.44,2142,7.16,84.0,83.43,4,2013,LGA1150,Server
Intel Xeon E3-1231 v3 @ 3.40GHz,498.95,6998,14.03,2152,4.31,80.0,87.48,4,2014,FCLGA1150,Server
Intel Xeon E5-1620 v3 @ 3.50GHz,79.46,6991,87.98,2024,25.48,140.0,49.93,4,2014,LGA2011-v3,Server
Intel Xeon E3-1285 v3 @ 3.60GHz,,6987,,2220,,84.0,83.18,4,2016,LGA1150,Server
Intel Xeon E5-4607 v2 @ 2.60GHz,72.8,6986,95.96,1363,18.73,95.0,73.54,6,2016,FCLGA2011,Server
Intel Xeon E-2124 @ 3.30GHz,204.99,6977,34.04,2537,12.37,71.0,98.27,4,2019,FCLGA1151-2,Server
Intel Xeon E3-1265L v4 @ 2.30GHz,,6954,,2073,,35.0,198.69,4,2018,FCLGA1150,Server
Intel Xeon E5-2440 v2 @ 1.90GHz,499.95,6927,13.86,962,1.93,95.0,72.92,8,2014,LGA 1356,Server
AMD Opteron 6287 SE,,6925,,1091,,,,16,2015,G34,Server
Intel Xeon W3680 @ 3.33GHz,47.85,6917,144.57,1547,32.33,130.0,53.21,6,2010,LGA1366,Server
Intel Xeon E5-2637 v4 @ 3.50GHz,143.0,6897,48.23,2073,14.5,135.0,51.09,4,2016,FCLGA2011-3,Server
Intel Xeon E5-2623 v3 @ 3.00GHz,249.95,6869,27.48,1861,7.45,105.0,65.42,4,2015,LGA2011-v3,Server
Intel Xeon X5690 @ 3.47GHz,189.06,6867,36.32,1608,8.51,130.0,52.82,6,2011,LGA1366,Server
Intel Xeon E5-2430 v2 @ 2.50GHz,201.5,6864,34.07,1413,7.01,80.0,85.8,6,2014,LGA 1356,Server
Intel Xeon E3-1285L v3 @ 3.10GHz,899.99,6848,7.61,2132,2.37,65.0,105.35,4,2014,LGA1150,Server
Intel Xeon E5-4620 @ 2.20GHz,71.96,6830,94.91,1239,17.22,95.0,71.89,8,2015,LGA 2011,Server
Intel Xeon X5680 @ 3.33GHz,145.0,6811,46.97,1510,10.41,130.0,52.39,6,2010,LGA1366,Server
Intel Xeon E5-2448L v2 @ 1.80GHz,1424.0,6774,4.76,1235,0.87,70.0,96.77,10,2018,LGA 1356,Server
Intel Xeon E3-1230 v3 @ 3.30GHz,299.99,6760,22.53,2081,6.94,80.0,84.5,4,2013,LGA1150,Server
AMD Opteron 6380,855.79,6645,7.76,1096,1.28,115.0,57.78,8,2015,G34,Server
Intel Xeon E3-1275 V2 @ 3.50GHz,384.24,6613,17.21,2151,5.6,77.0,85.89,4,2012,LGA1155,Server
Intel Xeon E5-2630L v2 @ 2.40GHz,88.65,6610,74.56,1388,15.66,60.0,110.17,6,2014,LGA 2011,Server
Intel Xeon Platinum 8151 @ 3.40GHz,,6591,,2393,,,,2,2019,unknown,Server
Intel Xeon E5-1428L v2 @ 2.20GHz,20.37,6566,322.34,1321,64.87,60.0,109.43,6,2019,FCLGA1356,Server
Intel Xeon E5-1620 v2 @ 3.70GHz,309.19,6535,21.14,2015,6.52,130.0,50.27,4,2013,FCLGA2011,Server
Intel Xeon W3670 @ 3.20GHz,295.19,6534,22.13,1501,5.09,130.0,50.26,6,2011,LGA1366,Server
Intel Xeon E3-1280 V2 @ 3.60GHz,388.19,6511,16.77,2174,5.6,69.0,94.36,4,2012,LGA1155,Server
Intel Xeon E3-1290 V2 @ 3.70GHz,885.0,6461,7.3,2112,2.39,87.0,74.27,4,2012,LGA1155,Server
Intel Xeon E5-4610 @ 2.40GHz,215.19,6460,30.02,1401,6.51,95.0,68,6,2018,FCLGA2011,Server
Intel Xeon E3-1286L v3 @ 3.20GHz,774.0,6450,8.33,2207,2.85,65.0,99.23,4,2018,LGA1150,Server
Intel Xeon E3-1270 V2 @ 3.50GHz,84.99,6431,75.66,2064,24.29,69.0,93.2,4,2012,LGA1155,Server
Intel Xeon Silver 4112 @ 2.60GHz,550.0,6420,11.67,1690,3.07,85.0,75.53,4,2018,FCLGA3647,Server
Intel Xeon E5-2608L v3 @ 2.00GHz,441.0,6415,14.55,1210,2.74,52.0,123.37,6,2018,LGA2011-v3,Server
AMD Opteron 6282 SE,223.39,6385,28.58,953,4.27,140.0,45.61,16,2013,unknown,Server
Intel Xeon X5675 @ 3.07GHz,30.98,6378,205.88,1473,47.55,95.0,67.14,6,2011,LGA1366,Server
Intel Xeon E5-2420 v2 @ 2.20GHz,85.19,6362,74.68,1382,16.22,80.0,79.52,6,2014,FCLGA1356,Server
Intel Xeon E-2254ML @ 1.70GHz,,6333,,2029,,25.0,253.31,4,2019,FCBGA1440,Server
Intel Xeon E5-2640 @ 2.50GHz,75.0,6321,84.28,1348,17.98,95.0,66.54,6,2012,LGA2011,Server
Intel Xeon E3-1245 V2 @ 3.40GHz,367.5,6316,17.19,2042,5.56,77.0,82.02,4,2012,LGA1155,Server
Intel Xeon E3-1225 v6 @ 3.30GHz,208.13,6312,30.33,2303,11.06,73.0,86.47,4,2017,FCLGA1151,Server
Intel Xeon E3-1240 V2 @ 3.40GHz,99.99,6301,63.02,2044,20.44,69.0,91.32,4,2012,LGA1155,Server
Intel Xeon E5-4617 @ 2.90GHz,35.88,6298,175.52,1552,43.25,130.0,48.44,6,2014,LGA 2011,Server
Intel Xeon E5-2620 v2 @ 2.10GHz,49.0,6246,127.47,1303,26.59,80.0,78.08,6,2013,FCLGA2011,Server
AMD Opteron 6276,968.46,6245,6.45,1005,1.04,115.0,54.3,8,2013,Socket G34,Server
Intel Xeon E5-2637 v2 @ 3.50GHz,127.52,6244,48.96,1849,14.5,130.0,48.03,4,2014,LGA 2011,Server
Intel Xeon D-1622 @ 2.60GHz,170.0,6205,36.5,1875,11.03,40.0,155.12,4,2021,FCBGA1667,Server
Intel Xeon W-2104 @ 3.20GHz,255.0,6202,24.32,1836,7.2,120.0,51.69,4,2018,FCLGA2066,Server
Intel Xeon E3-1230 V2 @ 3.30GHz,61.97,6192,99.93,1994,32.18,69.0,89.75,4,2012,LGA1155,Server
Intel Xeon E3-1240L v5 @ 2.10GHz,278.0,6173,22.21,1906,6.86,25.0,246.93,4,2017,FCLGA1151,Server
Intel Xeon E5-2630 @ 2.30GHz,49.0,6131,125.12,1270,25.92,95.0,64.54,6,2012,LGA2011,Server
Intel Xeon X5660 @ 2.80GHz,72.33,6107,84.43,1387,19.17,95.0,64.28,6,2010,LGA1366,Server
Intel Xeon X5670 @ 2.93GHz,63.94,6090,95.25,1392,21.77,95.0,64.11,6,2010,LGA1366,Server
Intel Xeon E5-2658 @ 2.10GHz,1350.7,6073,4.5,1156,0.86,95.0,63.92,8,2012,LGA2011,Server
AMD Opteron 6344,379.0,6069,16.01,1231,3.25,115.0,52.77,6,2013,unknown,Server
Intel Xeon E-2104G @ 3.20GHz,510.0,6057,11.88,1963,3.85,65.0,93.19,4,2018,FCLGA1151-2,Server
Intel Xeon E3-1275L v3 @ 2.70GHz,,6035,,2106,,45.0,134.1,4,2015,LGA1150,Server
Intel Xeon E3-1265L v3 @ 2.50GHz,699.95,5987,8.55,2104,3.01,45.0,133.05,4,2012,FCLGA1150,Server
Intel Xeon E3-1225 v5 @ 3.30GHz,399.0,5961,14.94,2064,5.17,80.0,74.51,4,2016,FCLGA1151,Server
Intel Xeon E5-2650L @ 1.80GHz,49.0,5929,120.99,1091,22.26,70.0,84.69,8,2012,LGA 2011,Server
Intel Xeon E5-2430L v2 @ 2.40GHz,,5903,,1211,,60.0,98.39,6,2015,LGA 1356,Server
Intel Xeon E5-2440 @ 2.40GHz,170.0,5900,34.71,1282,7.54,95.0,62.11,6,2014,LGA 1356,Server
AMD Opteron 6378,1709.92,5889,3.44,1127,0.66,115.0,51.21,8,2015,G34,Server
Intel Xeon D-1521 @ 2.40GHz,,5876,,1724,,45.0,130.58,4,2016,FCBGA1667,Server
Intel Xeon E5-1620 @ 3.60GHz,179.91,5871,32.64,1774,9.86,130.0,45.16,4,2012,LGA2011,Server
Intel Xeon E5-2430 @ 2.20GHz,69.0,5863,84.97,1190,17.25,95.0,61.72,6,2012,LGA 1356,Server
Intel Xeon E5-1410 v2 @ 2.80GHz,19.2,5842,304.26,1689,87.97,80.0,73.02,4,2015,LGA 1356,Server
AMD Opteron 4274 HE,76.99,5776,75.02,1060,13.77,65.0,88.86,4,2012,C32,Server
Intel Xeon E5-2450L @ 1.80GHz,65.0,5769,88.76,1013,15.58,70.0,82.42,8,2015,LGA 1356,Server
Intel Xeon X5650 @ 2.67GHz,58.0,5761,99.32,1302,22.45,95.0,60.64,6,2010,LGA1366,Server
Intel Xeon Bronze 3106 @ 1.70GHz,334.31,5754,17.21,1013,3.03,85.0,67.7,8,2018,FCLGA3647,Server
Intel Xeon E3-1220 v6 @ 3.00GHz,416.68,5729,13.75,1938,4.65,72.0,79.57,4,2017,FCLGA1151,Server
Intel Xeon E3-1220 v5 @ 3.00GHz,194.82,5707,29.29,2019,10.36,80.0,71.34,4,2016,FCLGA1151,Server
Intel Xeon E3-1205 v6 @ 3.00GHz,193.0,5682,29.44,1875,9.72,65.0,87.41,4,2020,FCLGA1151,Server
AMD Opteron 6238,103.71,5625,54.24,1157,11.16,115.0,48.91,6,2014,Socket G34,Server
AMD Opteron 6376,2055.0,5572,2.71,1165,0.57,115.0,48.45,8,2013,Socket G34,Server
Intel Xeon E5-2643 @ 3.30GHz,162.5,5523,33.99,1646,10.13,130.0,42.48,4,2012,LGA2011,Server
Intel Xeon E3-1226 v3 @ 3.30GHz,279.7,5520,19.74,2115,7.56,84.0,65.71,4,2014,FCLGA1150,Server
Intel Xeon E3-1280 @ 3.50GHz,358.0,5510,15.39,1780,4.97,95.0,58,4,2011,LGA1155,Server
Intel Xeon E3-1268L v3 @ 2.30GHz,,5427,,1734,,45.0,120.59,4,2014,LGA1150,Server
Intel Xeon E3-1240 @ 3.30GHz,141.0,5398,38.28,1744,12.37,80.0,67.47,4,2011,LGA1155,Server
Intel Xeon E3-1270 @ 3.40GHz,79.97,5386,67.35,1761,22.02,80.0,67.32,4,2011,LGA1155,Server
Intel Xeon E3-1275 @ 3.40GHz,749.0,5372,7.17,1730,2.31,95.0,56.54,4,2011,LGA1155,Server
Intel Xeon E3-1245 @ 3.30GHz,245.0,5366,21.9,1741,7.11,95.0,56.49,4,2011,LGA1155,Server
Intel Xeon E5-2609 v4 @ 1.70GHz,314.95,5351,16.99,1043,3.31,85.0,62.96,8,2016,FCLGA2011-3,Server
Intel Xeon E5-2630L @ 2.00GHz,,5305,,1119,,60.0,88.42,6,2014,LGA 2011,Server
Intel Xeon E3-1240L v3 @ 2.00GHz,895.5,5304,5.92,1769,1.98,25.0,212.17,4,2015,FCLGA1150,Server
AMD Opteron 6274,885.95,5286,5.97,849,0.96,115.0,45.97,8,2012,G34,Server
Intel Xeon X5687 @ 3.60GHz,189.95,5282,27.81,1619,8.52,130.0,40.63,4,2011,LGA1366,Server
Intel Xeon E5-2620 @ 2.00GHz,75.65,5280,69.79,1112,14.71,95.0,55.58,6,2012,LGA2011,Server
Intel Xeon E5-2430L @ 2.00GHz,32.28,5273,163.36,1005,31.13,60.0,87.89,6,2017,FCLGA1356,Server
Intel Xeon E3-1225 v3 @ 3.20GHz,89.95,5264,58.52,1992,22.15,84.0,62.67,4,2013,LGA1150,Server
AMD Opteron 6328,343.46,5246,15.27,1433,4.17,115.0,45.62,4,2013,G34,Server
Intel Xeon E5-1607 v4 @ 3.10GHz,178.02,5245,29.46,1905,10.7,140.0,37.46,4,2016,FCLGA2011-3,Server
AMD Opteron 6272,583.7,5240,8.98,753,1.29,115.0,45.56,8,2011,G34,Server
Intel Xeon E5649 @ 2.53GHz,72.65,5160,71.02,1211,16.67,80.0,64.5,6,2011,LGA1366,Server
Intel Xeon E3-1220 v3 @ 3.10GHz,325.0,5154,15.86,1984,6.11,80.0,64.42,4,2011,LGA1150,Server
Intel Xeon E5-2420 @ 1.90GHz,170.0,5149,30.29,1108,6.52,95.0,54.2,6,2012,LGA1356,Server
Intel Xeon X5672 @ 3.20GHz,44.99,5117,113.73,1570,34.9,95.0,53.86,4,2011,LGA1366,Server
Intel Xeon X5677 @ 3.47GHz,110.0,5112,46.47,1614,14.67,130.0,39.32,4,2010,LGA1366,Server
Intel Xeon W-2102 @ 2.90GHz,286.99,5077,17.69,1753,6.11,120.0,42.31,4,2018,FCLGA2066,Server
Intel Xeon E3-1235L v5 @ 2.00GHz,,5013,,1761,,25.0,200.53,4,2017,FCLGA1151,Server
Intel Xeon E3-1230 @ 3.20GHz,270.19,5006,18.53,1650,6.11,80.0,62.58,4,2011,LGA1155,Server
Intel Xeon E3-1290 @ 3.60GHz,885.0,4988,5.64,1833,2.07,95.0,52.5,4,2011,LGA1155,Server
Intel Xeon E5645 @ 2.40GHz,52.0,4955,95.29,1147,22.06,80.0,61.94,6,2011,LGA1366,Server
Intel Xeon E5-1607 v3 @ 3.10GHz,,4950,,1814,,140.0,35.36,4,2015,LGA2011-v3,Server
AMD Opteron 6366 HE,343.99,4858,14.12,793,2.3,85.0,57.16,8,2014,unknown,Server
Intel Xeon E5-1603 v4 @ 2.80GHz,,4812,,1754,,140.0,34.37,4,2017,FCLGA2011-3,Server
Intel Xeon Bronze 3204 @ 1.90GHz,250.99,4796,19.11,1103,4.39,85.0,56.43,6,2020,FCLGA3647,Server
Intel Xeon D-1518 @ 2.20GHz,,4784,,1256,,35.0,136.68,4,2016,FCBGA1667,Server
Intel Xeon E3-1225 V2 @ 3.20GHz,225.19,4766,21.16,1929,8.57,77.0,61.89,4,2012,LGA1155,Server
Intel Xeon E3-1230L v3 @ 1.80GHz,448.5,4764,10.62,1502,3.35,25.0,190.58,4,2013,LGA1150,Server
AMD Opteron 6220,14.82,4753,320.68,1203,81.17,115.0,41.33,4,2013,Socket G34,Server
Intel Xeon E3-1235 @ 3.20GHz,234.0,4725,20.19,1562,6.68,95.0,49.73,4,2011,LGA1155,Server
Intel Xeon E3-1265L V2 @ 2.50GHz,149.99,4711,31.41,1552,10.35,45.0,104.68,4,2012,LGA1155,Server
Intel Xeon E5-2603 v4 @ 1.70GHz,258.19,4695,18.19,1046,4.05,85.0,55.24,6,2016,FCLGA2011-3,Server
Intel Xeon E3-1220 V2 @ 3.10GHz,93.0,4691,50.44,1898,20.41,69.0,67.98,4,2012,LGA1155,Server
Intel Atom C3758 @ 2.20GHz,193.0,4683,24.27,859,4.45,25.0,187.33,8,2020,FCBGA1310,Server
Intel Xeon E5-1410 @ 2.80GHz,44.99,4677,103.95,1491,33.14,80.0,58.46,4,2012,LGA1356,Server
AMD Opteron 4284,14.82,4665,314.79,1181,79.71,95.0,49.11,4,2013,Socket C32,Server
Intel Xeon L5640 @ 2.27GHz,72.65,4591,63.2,1139,15.68,60.0,76.52,6,2010,LGA1366,Server
Intel Xeon Bronze 3104 @ 1.70GHz,320.24,4585,14.32,1001,3.13,85.0,53.94,6,2018,FCLGA3647,Server
Intel Xeon X5667 @ 3.07GHz,18.04,4551,252.25,1453,80.55,95.0,47.9,4,2010,LGA1366,Server
AMD Opteron 4280,94.99,4504,47.41,1141,12.02,95.0,47.41,4,2014,Socket C32,Server
Intel Xeon X5647 @ 2.93GHz,19.93,4455,223.53,1385,69.5,130.0,34.27,4,2011,LGA1366,Server
Intel Xeon E5-1603 v3 @ 2.80GHz,12.88,4448,345.33,1631,126.61,140.0,31.77,4,2015,LGA2011-v3,Server
Intel Xeon E5-2609 v3 @ 1.90GHz,79.88,4423,55.37,1097,13.73,80.0,55.28,6,2014,LGA2011-v3,Server
Intel Xeon L5639 @ 2.13GHz,,4419,,1102,,60.0,73.65,6,2013,LGA1366,Server
AMD Opteron 4386,239.7,4378,18.26,1012,4.22,95.0,46.08,4,2014,C32,Server
Intel Atom C3958 @ 2.00GHz,449.0,4281,9.53,514,1.15,31.0,138.1,16,2019,FCBGA1310,Server
Intel Xeon E5-1607 v2 @ 3.00GHz,229.95,4259,18.52,1642,7.14,130.0,32.76,4,2014,LGA 2011,Server
Intel Xeon E5-2648L @ 1.80GHz,,4235,,931,,70.0,60.5,8,2015,LGA 2011,Server
AMD Opteron 3380,809.0,4134,5.11,1107,1.37,65.0,63.6,8,2013,unknown,Server
AMD Opteron 6234,450.99,4072,9.03,547,1.21,115.0,35.41,6,2012,G34,Server
Intel Xeon E3-1260L @ 2.40GHz,125.0,4041,32.33,1481,11.85,45.0,89.81,4,2011,LGA1155,Server
Intel Xeon E5640 @ 2.67GHz,68.0,4018,59.08,1204,17.71,80.0,50.22,4,2010,LGA1366,Server
AMD Opteron 6212,63.79,4007,62.81,1085,17.02,115.0,34.84,4,2013,Socket G34,Server
AMD Opteron 3365,,3973,,1107,,65.0,61.12,4,2014,AM3+,Server
AMD Opteron 4334,129.95,3949,30.39,1269,9.76,95.0,41.57,3,2016,Socket C32,Server
AMD Opteron 4332 HE,36.99,3906,105.59,1413,38.19,65.0,60.09,6,2015,Socket C32,Server
Intel Xeon E3-1220 @ 3.10GHz,40.26,3855,95.75,1582,39.29,80.0,48.18,4,2011,LGA1155,Server
Intel Xeon E3-1225 @ 3.10GHz,69.0,3817,55.32,1572,22.78,95.0,40.18,4,2011,LGA1155,Server
Intel Xeon E5-2603 v3 @ 1.60GHz,50.89,3752,73.72,931,18.3,85.0,44.14,6,2015,LGA2011-v3,Server
Intel Xeon E5-1607 @ 3.00GHz,11.53,3730,323.51,1439,124.83,130.0,28.69,4,2012,LGA2011,Server
Intel Xeon E5630 @ 2.53GHz,166.0,3726,22.45,1176,7.09,80.0,46.58,4,2010,LGA1366,Server
AMD Opteron 3280,72.02,3720,51.65,1043,14.49,65.0,57.22,8,2012,AM3+,Server
AMD Opteron 6174,3780.0,3697,0.98,488,0.13,115.0,32.15,12,2013,Socket G34,Server
Intel Xeon E5620 @ 2.40GHz,44.16,3630,82.2,1127,25.53,80.0,45.37,4,2010,LGA1366,Server
Intel Xeon E3-1265L @ 2.40GHz,918.35,3589,3.91,1451,1.58,45.0,79.75,4,2015,LGA1155,Server
AMD Opteron 6176 SE,249.89,3564,14.26,507,2.03,140.0,25.46,12,2010,G34,Server
Intel Xeon E5-2418L @ 2.00GHz,,3518,,977,,50.0,70.36,4,2016,LGA 1356,Server
Intel Xeon E5-2609 v2 @ 2.50GHz,24.72,3516,142.24,1371,55.45,80.0,43.95,4,2014,LGA 2011,Server
Intel Xeon E5-2407 v2 @ 2.40GHz,120.19,3504,29.15,1068,8.88,80.0,43.8,4,2014,FCLGA1356,Server
Intel Xeon W3580 @ 3.33GHz,214.5,3495,16.29,1553,7.24,130.0,26.88,4,2009,LGA1366,Server
AMD Opteron 4365 EE,,3485,,958,,40.0,87.14,4,2017,Socket C32,Server
AMD Opteron 6164 HE,,3478,,399,,85.0,40.92,12,2013,Socket G34,Server
Intel Xeon E5-1603 @ 2.80GHz,34.0,3448,101.41,1337,39.31,130.0,26.52,4,2012,LGA2011,Server
Intel Xeon X5698 @ 4.40GHz,,3447,,1922,,130.0,26.51,2,2013,LGA1366,Server
AMD Opteron 4226,94.99,3400,35.8,1157,12.18,95.0,35.79,3,2013,Socket C32,Server
Intel Xeon E5-4603 @ 2.00GHz,132.19,3391,25.65,953,7.21,95.0,35.69,4,2014,LGA 2011,Server
Intel Xeon W5580 @ 3.20GHz,864.0,3386,3.92,1503,1.74,130.0,26.04,4,2009,LGA1366,Server
AMD Opteron 6136,349.0,3381,9.69,549,1.57,115.0,29.4,8,2013,Socket G34,Server
AMD Opteron X3421 APU,,3375,,1497,,35.0,96.42,4,2017,unknown,Server
Intel Xeon W3570 @ 3.20GHz,469.95,3354,7.14,1520,3.24,130.0,25.8,4,2009,LGA1366,Server
Intel Xeon W3565 @ 3.20GHz,59.95,3331,55.56,1496,24.95,130.0,25.62,4,2009,LGA1366,Server
Intel Xeon D-1520 @ 2.20GHz,,3324,,419,,45.0,73.87,4,2015,BGA 1667,Server
Intel Xeon L5609 @ 1.87GHz,,3298,,1160,,40.0,82.45,4,2010,LGA1366,Server
Intel Xeon X5570 @ 2.93GHz,100.0,3270,32.7,1410,14.1,95.0,34.42,4,2009,LGA1366,Server
Intel Pentium D1508 @ 2.20GHz,129.0,3240,25.12,1760,13.64,25.0,129.6,2,2017,FCBGA1667,Server
Intel Xeon X3480 @ 3.07GHz,,3240,,1402,,95.0,34.1,4,2012,LGA1156,Server
Intel Xeon W5590 @ 3.33GHz,1406.34,3239,2.3,1571,1.12,130.0,24.92,4,2009,LGA1366,Server
Intel Xeon L5638 @ 2.00GHz,69.9,3225,46.14,727,10.4,60.0,53.75,6,2011,LGA1366,Server
Intel Xeon X3470 @ 2.93GHz,97.19,3194,32.86,1411,14.52,95.0,33.62,4,2010,LGA1156,Server
Intel Xeon W3550 @ 3.07GHz,49.95,3193,63.92,1415,28.33,130.0,24.56,4,2009,LGA1366,Server
Intel Atom C3858 @ 2.00GHz,332.0,3154,9.5,501,1.51,25.0,126.17,12,2018,FCBGA1310,Server
AMD Opteron X3418 APU,,3137,,1450,,25.0,125.46,4,2019,unknown,Server
Intel Pentium Gold G5400T @ 3.10GHz,109.95,3119,28.37,1807,16.44,35.0,89.12,2,2018,FCLGA1151-2,Server
Intel Xeon X5560 @ 2.80GHz,71.0,3100,43.66,1380,19.44,95.0,32.63,4,2009,LGA1366,Server
AMD Opteron 2435,10.95,3061,279.52,593,54.18,75.0,40.81,6,2013,F (1207),Server
Intel Xeon W3530 @ 2.80GHz,346.19,3045,8.8,1336,3.86,130.0,23.43,4,2010,LGA1366,Server
Intel Xeon X5550 @ 2.67GHz,49.0,2988,60.98,1317,26.89,95.0,31.45,4,2009,LGA1366,Server
Intel Xeon E5-2637 @ 3.00GHz,79.0,2978,37.69,1526,19.32,80.0,37.22,2,2018,FCLGA2011,Server
Intel Xeon L5630 @ 2.13GHz,118.0,2943,24.94,1043,8.84,40.0,73.57,4,2010,LGA1366,Server
AMD Opteron 2431,24.99,2936,117.48,570,22.81,75.0,39.14,6,2009,F (1207),Server
AMD Opteron 6128 HE,,2932,,823,,85.0,34.5,8,2015,Socket G34,Server
Intel Xeon W3540 @ 2.93GHz,507.0,2890,5.7,1289,2.54,130.0,22.23,4,2009,LGA1366,Server
Intel Xeon E5-2403 v2 @ 1.80GHz,541.0,2873,5.31,991,1.83,80.0,35.91,4,2015,FCLGA1356,Server
AMD Opteron 4184,498.95,2872,5.76,630,1.26,95.0,30.23,6,2011,C32,Server
AMD Opteron 6128,269.0,2826,10.5,447,1.66,115.0,24.57,8,2010,G34,Server
AMD Opteron 3350 HE,392.0,2825,7.21,1362,3.47,45.0,62.78,4,2013,unknown,Server
Intel Xeon X3450 @ 2.67GHz,102.0,2818,27.63,1236,12.12,95.0,29.67,4,2009,LGA1156,Server
Intel Xeon X3460 @ 2.80GHz,72.28,2814,38.94,1220,16.88,95.0,29.62,4,2010,LGA1156,Server
AMD Opteron 6172,199.95,2789,13.95,432,2.16,115.0,24.25,12,2010,G34,Server
Intel Xeon W3520 @ 2.67GHz,59.0,2787,47.23,1245,21.11,130.0,21.44,4,2009,LGA1366,Server
Intel Atom C2750 @ 2.40GHz,232.0,2775,11.96,658,2.83,20.0,138.77,8,2014,FCBGA1283,Server
Intel Xeon E5-2603 v2 @ 1.80GHz,59.0,2751,46.63,977,16.57,80.0,34.39,4,2014,LGA 2011,Server
Intel Xeon E5540 @ 2.53GHz,71.45,2738,38.33,1200,16.79,80.0,34.23,4,2009,LGA1366,Server
Intel Xeon X5470 @ 3.33GHz,179.95,2709,15.05,1454,8.08,120.0,22.57,4,2009,LGA771,Server
Intel Xeon X5492 @ 3.40GHz,1391.29,2705,1.94,1446,1.04,150.0,18.04,4,2008,LGA771,Server
Intel Xeon E5-2407 @ 2.20GHz,325.03,2699,8.3,920,2.83,80.0,33.74,4,2012,LGA 1356,Server
Intel Xeon E5607 @ 2.27GHz,100.0,2686,26.86,1002,10.02,80.0,33.58,4,2011,LGA1366,Server
Intel Xeon X3440 @ 2.53GHz,50.0,2680,53.61,1149,22.99,95.0,28.21,4,2009,LGA1156,Server
Intel Xeon X5482 @ 3.20GHz,99.95,2636,26.37,1394,13.95,150.0,17.57,4,2009,LGA771,Server
Intel Xeon E5-2609 @ 2.40GHz,71.87,2623,36.5,1081,15.04,80.0,32.79,4,2012,LGA2011,Server
Intel Xeon E5530 @ 2.40GHz,29.99,2614,87.15,1156,38.55,80.0,32.67,4,2009,LGA1366,Server
Intel Xeon L3426 @ 1.87GHz,227.0,2590,11.41,1167,5.14,45.0,57.55,4,2010,LGA1156,Server
Intel Xeon X5460 @ 3.16GHz,219.55,2586,11.78,1378,6.28,120.0,21.55,4,2009,LGA771,Server
Intel Xeon L5530 @ 2.40GHz,148.37,2522,17.0,1169,7.88,60.0,42.03,4,2011,LGA1366,Server
Intel Xeon L7455 @ 2.13GHz,,2494,,601,,65.0,38.36,6,2014,PGA604,Server
Intel Xeon E5472 @ 3.00GHz,20.04,2490,124.24,1302,64.98,80.0,31.12,4,2009,LGA771,Server
Intel Xeon E5450 @ 3.00GHz,36.99,2486,67.21,1294,34.99,80.0,31.08,4,2009,LGA771,Server
AMD Opteron 8439 SE,52.0,2479,47.67,590,11.34,105.0,23.61,6,2013,F (1207),Server
Intel Xeon E5520 @ 2.27GHz,72.61,2479,34.14,1056,14.55,80.0,30.98,4,2009,LGA1366,Server
Intel Xeon D-1602 @ 2.50GHz,106.0,2459,23.2,1435,13.54,27.0,91.07,2,2020,FCBGA1667,Server
Intel Xeon X3370 @ 3.00GHz,40.0,2446,61.16,1311,32.76,95.0,25.75,4,2009,LGA775,Server
Intel Atom C3558 @ 2.20GHz,86.0,2405,27.96,849,9.87,16.0,150.3,4,2017,FCBGA1310,Server
Intel Xeon X5450 @ 3.00GHz,49.96,2400,48.04,1267,25.36,120.0,20,4,2009,LGA771,Server
AMD Opteron 4170 HE,39.99,2382,59.56,476,11.9,65.0,36.65,6,2010,C32,Server
Intel Xeon E5-2403 @ 1.80GHz,351.0,2363,6.73,829,2.36,80.0,29.53,4,2012,LGA 1356,Server
Intel Xeon E5-2603 @ 1.80GHz,71.96,2362,32.83,868,12.06,80.0,29.53,4,2012,LGA 2011,Server
AMD Opteron 4130,229.95,2347,10.21,1149,5.0,95.0,24.7,4,2016,F (1207),Server
Intel Xeon E5440 @ 2.83GHz,37.99,2340,61.61,1240,32.65,80.0,29.26,4,2009,LGA771,Server
Intel Xeon X5365 @ 3.00GHz,62.99,2331,37.01,1223,19.41,150.0,15.54,4,2009,LGA771,Server
Intel Xeon E5606 @ 2.13GHz,217.0,2326,10.72,941,4.34,80.0,29.07,4,2011,LGA1366,Server
Intel Xeon X3360 @ 2.83GHz,39.99,2325,58.14,1241,31.04,95.0,24.47,4,2009,LGA775,Server
Intel Xeon X3380 @ 3.16GHz,509.95,2308,4.53,1335,2.62,95.0,24.3,4,2009,LGA775,Server
Intel Pentium 1403 v2 @ 2.60GHz,,2284,,1391,,80.0,28.55,2,2018,unknown,Server
AMD Opteron 3260 HE,,2283,,900,,45.0,50.73,2,2012,AM3+,Server
Intel Xeon X3363 @ 2.83GHz,87.6,2283,26.07,1240,14.16,80.0,28.54,4,2013,LGA771,Server
Intel Xeon E3-1220L V2 @ 2.30GHz,,2278,,1344,,17.0,134.02,2,2014,LGA1155,Server
Intel Xeon L3360 @ 2.83GHz,89.23,2273,25.47,1226,13.74,65.0,34.97,4,2012,LGA775,Server
Intel Xeon L5430 @ 2.66GHz,227.0,2260,9.96,1154,5.08,50.0,45.21,4,2014,LGA771,Server
Intel Xeon X3430 @ 2.40GHz,71.91,2253,31.32,991,13.78,95.0,23.71,4,2009,LGA1156,Server
Intel Xeon X3353 @ 2.66GHz,73.5,2229,30.33,1173,15.96,80.0,27.87,4,2014,LGA775,Server
Intel Xeon X5472 @ 3.00GHz,225.0,2218,9.86,1259,5.6,120.0,18.48,4,2009,LGA771,Server
Intel Xeon E5430 @ 2.66GHz,229.95,2210,9.61,1156,5.03,80.0,27.63,4,2009,LGA771,Server
Intel Atom C2750 @ 2.41GHz,,2174,,291,,20.0,108.7,8,2015,BGA 1283,Server
Intel Xeon L5520 @ 2.27GHz,49.0,2163,44.13,969,19.78,60.0,36.04,4,2010,LGA1366,Server
Intel Xeon X3350 @ 2.66GHz,59.99,2158,35.97,1156,19.28,95.0,22.71,4,2008,LGA775,Server
AMD Opteron 1389,,2079,,1102,,75.0,27.72,4,2014,AM2,Server
AMD Opteron 2384,1299.0,2074,1.6,1074,0.83,75.0,27.66,4,2009,F (1207),Server
Intel Xeon E5462 @ 2.80GHz,226.0,2067,9.15,1130,5.0,80.0,25.84,4,2009,LGA771,Server
AMD Opteron 3250 HE,99.0,2061,20.82,1003,10.13,45.0,45.8,2,2019,AM3+,Server
AMD Opteron 4162 EE,19.99,2058,102.97,382,19.1,35.0,58.81,6,2015,F (1207),Server
Intel Xeon X3230 @ 2.66GHz,349.95,2052,5.86,1091,3.12,95.0,21.6,4,2009,LGA775,Server
Intel Xeon L5420 @ 2.50GHz,27.5,2051,74.58,1103,40.09,50.0,41.02,4,2009,LGA771,Server
Intel Xeon E3-1220L @ 2.20GHz,,2050,,1421,,20.0,102.51,2,2011,LGA1155,Server
Intel Xeon E7- 2830 @ 2.13GHz,1779.0,2027,1.14,559,0.31,105.0,19.31,4,2018,LGA1567,Server
AMD Opteron 2427,55.0,1995,36.28,386,7.02,75.0,26.6,6,2011,F (1207),Server
Intel Xeon X3320 @ 2.50GHz,229.5,1986,8.65,1097,4.78,95.0,20.9,4,2009,LGA775,Server
Intel Xeon X5355 @ 2.66GHz,299.95,1979,6.6,1060,3.53,120.0,16.49,4,2009,LGA771,Server
Intel Xeon E5506 @ 2.13GHz,90.0,1946,21.62,941,10.46,80.0,24.33,4,2009,LGA1366,Server
Intel Xeon X6550 @ 2.00GHz,79.0,1936,24.5,390,4.94,130.0,14.89,4,2013,LGA1567,Server
Intel Xeon E5603 @ 1.60GHz,95.19,1935,20.32,712,7.48,80.0,24.18,4,2011,LGA1366,Server
Intel Xeon E5420 @ 2.50GHz,249.95,1931,7.73,1048,4.19,80.0,24.14,4,2009,LGA771,Server
Intel Xeon E5507 @ 2.27GHz,100.0,1928,19.28,997,9.97,80.0,24.1,4,2010,LGA1366,Server
Intel Xeon X3330 @ 2.66GHz,210.0,1928,9.18,1160,5.52,95.0,20.29,4,2010,LGA775,Server
Intel Xeon E5410 @ 2.33GHz,10.69,1923,179.92,1024,95.78,80.0,24.04,4,2009,LGA771,Server
Intel Xeon L5410 @ 2.33GHz,100.08,1921,19.19,1029,10.28,50.0,38.42,4,2009,LGA771,Server
AMD Opteron 3320 EE,548.0,1918,3.5,838,1.53,25.0,76.72,2,2016,AM3+,Server
AMD Opteron X2170 APU,,1911,,832,,25.0,76.43,4,2018,FT3,Server
AMD Opteron 2419 EE,,1902,,396,,60.0,31.7,6,2014,F (1207),Server
AMD Opteron 1385,45.0,1898,42.19,1035,22.99,115.0,16.51,4,2014,"AM2+,AM3",Server
AMD Opteron 2378,14.49,1864,128.65,936,64.62,75.0,24.86,4,2009,F (1207),Server
Intel Pentium 1403 @ 2.60GHz,,1851,,990,,80.0,23.14,2,2013,LGA1356,Server
Intel Xeon X3323 @ 2.50GHz,19.36,1837,94.86,1059,54.69,80.0,22.96,4,2014,LGA775,Server
Intel Xeon X3220 @ 2.40GHz,66.14,1819,27.5,942,14.24,105.0,17.32,4,2009,LGA775,Server
Intel Xeon E5345 @ 2.33GHz,39.99,1814,45.36,947,23.68,80.0,22.68,4,2008,LGA771,Server
AMD Opteron 1381,,1797,,1011,,75.0,23.96,4,2012,AM3,Server
Intel Xeon L5408 @ 2.13GHz,,1761,,935,,40.0,44.04,4,2014,LGA771,Server
Intel Atom C3538 @ 2.10GHz,75.0,1756,23.41,669,8.92,15.0,117.06,4,2018,FCBGA1310,Server
AMD Opteron 2356,89.95,1733,19.26,849,9.44,75.0,23.1,4,2009,F (1207),Server
AMD Opteron 1356,89.99,1703,18.92,918,10.2,75.0,22.7,4,2009,AM2,Server
Intel Xeon L5335 @ 2.00GHz,18.79,1678,89.29,827,43.99,50.0,33.56,4,2007,LGA771,Server
Intel Xeon E5405 @ 2.00GHz,59.0,1664,28.21,877,14.86,80.0,20.8,4,2009,LGA771,Server
AMD Opteron 2373 EE,,1635,,814,,60.0,27.25,4,2018,F (1207),Server
AMD Opteron 1354,238.01,1620,6.81,864,3.63,75.0,21.6,4,2009,AM2,Server
Intel Xeon X3210 @ 2.13GHz,185.71,1599,8.61,875,4.71,105.0,15.23,4,2008,LGA775,Server
Intel Xeon E5335 @ 2.00GHz,17.77,1549,87.15,817,45.99,80.0,19.36,4,2009,LGA771,Server
Intel Xeon E5504 @ 2.00GHz,64.0,1529,23.89,838,13.1,80.0,19.11,4,2009,LGA1366,Server
AMD Opteron X3216 APU,,1525,,1294,,15.0,101.66,2,2017,unknown,Server
Intel Xeon X5270 @ 3.50GHz,,1524,,1485,,80.0,19.05,2,2014,LGA771,Server
AMD Opteron 2354,285.19,1509,5.29,857,3.0,115.0,13.12,4,2013,F (1207),Server
Intel Xeon E7320 @ 2.13GHz,,1469,,776,,80.0,18.36,4,2016,604,Server
AMD Opteron 1352,135.99,1464,10.76,849,6.24,75.0,19.52,4,2009,AM2,Server
Intel Xeon E5320 @ 1.86GHz,38.75,1451,37.43,768,19.83,80.0,18.13,4,2009,LGA771,Server
Intel Xeon X5272 @ 3.40GHz,140.0,1451,10.36,1411,10.08,80.0,18.14,2,2009,LGA771,Server
Intel Xeon E5240 @ 3.00GHz,88.78,1448,16.32,1312,14.78,65.0,22.28,2,2009,LGA771,Server
Intel Xeon E3113 @ 3.00GHz,9.79,1429,145.96,1282,130.96,65.0,21.98,2,2014,LGA775,Server
Intel Atom C2550 @ 2.40GHz,,1422,,554,,14.0,101.57,4,2014,FCBGA1283,Server
Intel Xeon E3-1220L v3 @ 1.10GHz,,1407,,777,,13.0,108.2,2,2014,LGA1150,Server
Intel Xeon L5310 @ 1.60GHz,112.5,1385,12.31,662,5.88,50.0,27.7,4,2016,LGA771,Server
Intel Xeon L3110 @ 3.00GHz,,1338,,1279,,45.0,29.74,2,2009,LGA775,Server
Intel Xeon L5240 @ 3.00GHz,31.4,1337,42.57,1299,41.36,40.0,33.42,2,2009,LGA771,Server
Intel Xeon E3120 @ 3.16GHz,,1330,,1364,,65.0,20.47,2,2010,LGA775,Server
Intel Xeon @ 2.20GHz,,1324,,1383,,61.0,21.7,1,2018,PPGA603,Server
AMD Opteron 2393 SE,,1317,,1237,,105.0,12.54,2,2013,F (1207),Server
Intel Xeon E5310 @ 1.60GHz,49.0,1306,26.65,640,13.05,80.0,16.33,4,2009,LGA771,Server
Intel Xeon E3110 @ 3.00GHz,199.95,1242,6.21,1331,6.66,65.0,19.11,2,2008,LGA775,Server
Intel Xeon X5260 @ 3.33GHz,13.0,1238,95.2,1406,108.17,80.0,15.47,2,2009,LGA771,Server
AMD Opteron 2222,19.0,1198,63.08,618,32.53,95.0,12.62,2,2013,F (1207),Server
Intel Xeon Gold 6133 @ 2.50GHz,,1172,,1429,,150.0,7.82,1,2021,FCLGA3647,Server
Intel Xeon W3505 @ 2.53GHz,14.86,1142,76.86,1104,74.29,130.0,8.79,2,2009,LGA1366,Server
Intel Xeon L5320 @ 1.86GHz,69.99,1118,15.97,281,4.02,50.0,22.35,4,2011,LGA771,Server
AMD Opteron 2220,1038.26,1106,1.07,553,0.53,95.0,11.64,2,2009,F (1207),Server
Intel Xeon 3075 @ 2.66GHz,349.95,1096,3.13,1096,3.13,,,2,2011,unknown,Server
AMD Opteron 1222,,1089,,1128,,103.0,10.58,2,2010,AM2,Server
Intel Xeon 3085 @ 3.00GHz,,1070,,1124,,65.0,16.46,2,2015,LGA775,Server
Intel Xeon W3503 @ 2.40GHz,9.99,1052,105.35,1015,101.64,130.0,8.1,2,2009,LGA1366,Server
AMD Opteron 1220,,1036,,1077,,103.0,10.05,2,2009,AM2,Server
AMD Opteron 2218,96.41,1036,10.75,491,5.09,95.0,10.91,2,2009,F (1207),Server
Intel Xeon 3070 @ 2.66GHz,28.65,1025,35.78,1024,35.74,65.0,15.77,2,2010,LGA775,Server
AMD Opteron 1218 HE,,979,,940,,65.0,15.06,2,2010,AM2,Server
Intel Xeon 5160 @ 3.00GHz,43.5,963,22.14,1134,26.08,80.0,12.04,2,2009,LGA771,Server
AMD Opteron 285,24.95,956,38.3,509,20.39,95.0,10.06,2,2009,940,Server
AMD Opteron 290,135.0,952,7.05,570,4.22,95.0,10.02,2,2009,940,Server
Intel Xeon 3060 @ 2.40GHz,22.99,939,40.84,942,40.96,65.0,14.44,2,2009,LGA775,Server
Intel Xeon L3406 @ 2.27GHz,265.19,928,3.5,647,2.44,30.0,30.94,2,2010,LGA1156,Server
Intel Xeon 5148 @ 2.33GHz,20.0,912,45.62,868,43.39,40.0,22.81,2,2010,LGA771,Server
AMD Opteron 1218,,910,,962,,103.0,8.84,2,2010,AM2,Server
AMD Opteron 2220 SE,25.0,909,36.35,519,20.75,119.0,7.64,2,2009,F (1207),Server
Intel Xeon 3.73GHz,,901,,734,,,,2,2009,unknown,Server
Intel Xeon 5133 @ 2.20GHz,,887,,838,,40.0,22.18,2,2013,LGA771,Server
Intel Xeon 3065 @ 2.33GHz,20.9,867,41.49,836,40.0,65.0,13.34,2,2009,LGA775,Server
Intel Xeon 5140 @ 2.33GHz,36.99,857,23.16,870,23.51,65.0,13.18,2,2009,LGA771,Server
Intel Xeon 3050 @ 2.13GHz,157.95,841,5.32,672,4.26,65.0,12.93,2,2009,LGA775,Server
Intel Xeon 5150 @ 2.66GHz,30.99,840,27.11,999,32.23,65.0,12.92,2,2009,LGA771,Server
AMD Opteron 275,99.95,839,8.4,445,4.45,95.0,8.83,2,2008,940,Server
Intel Xeon E5205 @ 1.86GHz,14.27,838,58.75,788,55.24,65.0,12.9,2,2012,LGA771,Server
Intel Xeon E5502 @ 1.87GHz,80.0,837,10.46,799,9.98,80.0,10.46,2,2009,LGA1366,Server
AMD Opteron 1214 HE,,806,,811,,65.0,12.4,2,2015,AM2,Server
Intel Xeon E5503 @ 2.00GHz,130.19,804,6.18,845,6.49,80.0,10.05,2,2010,LGA1366,Server
Intel Xeon 5130 @ 2.00GHz,48.99,795,16.22,796,16.24,65.0,12.23,2,2009,LGA771,Server
Intel Xeon 3040 @ 1.86GHz,25.04,789,31.52,474,18.92,65.0,12.14,2,2009,LGA775,Server
AMD Opteron 1216,54.85,781,14.23,810,14.78,103.0,7.58,2,2009,AM2,Server
AMD Opteron 1212 HE,,771,,731,,65.0,11.87,2,2012,AM2,Server
AMD Opteron 280,280.72,765,2.72,430,1.53,95.0,8.05,2,2009,940,Server
Intel Xeon 5120 @ 1.86GHz,1474.4,763,0.52,748,0.51,65.0,11.73,2,2009,LGA771,Server
AMD Opteron 270,249.95,761,3.04,411,1.64,95.0,8.01,2,2012,940,Server
Dual-Core AMD Opteron 1220 SE,,748,,900,,103.0,7.26,2,2016,AM2,Server
AMD Opteron 180,119.95,746,6.22,874,7.29,110.0,6.78,2,2009,939,Server
AMD Opteron 1216 HE,,727,,847,,65.0,11.18,2,2012,AM2,Server
AMD Opteron 1214,86.35,696,8.07,830,9.61,103.0,6.76,2,2009,AM2,Server
AMD Opteron 185,,695,,884,,110.0,6.32,2,2009,939,Server
AMD Opteron 175,,682,,773,,110.0,6.2,2,2008,939,Server
AMD Opteron 170,,648,,715,,110.0,5.89,2,2009,939,Server
Intel Xeon 5110 @ 1.60GHz,35.0,600,17.14,606,17.32,65.0,9.23,2,2009,LGA771,Server
Intel Atom S1260 @ 2.00GHz,64.0,596,9.31,224,3.5,8.5,70.08,2,2013,FCBGA1283,Server
AMD Opteron 1212,290.0,593,2.04,729,2.51,103.0,5.75,2,2009,AM2,Server
Intel Xeon MV 3.20GHz,,582,,378,,90.0,6.46,2,2015,mPGA604,Server
Intel Atom C2350 @ 1.74GHz,43.0,532,12.38,496,11.53,6.0,88.7,2,2021,FCBGA1283,Server
AMD Opteron 165,550.0,531,0.97,638,1.16,110.0,4.83,2,2009,939,Server
Intel Xeon 3.20GHz,,478,,696,,103.0,4.64,1,2009,PPGA604,Server
AMD Opteron 154,,457,,534,,104.0,4.39,1,2011,939,Server
AMD Opteron 254,,451,,578,,68.0,6.63,1,2012,940,Server
AMD Opteron 152,,428,,487,,104.0,4.12,1,2009,939,Server
Intel Xeon 3.00GHz,,425,,607,,103.0,4.12,1,2009,PPGA604,Server
Intel Xeon 3.60GHz,851.0,403,0.47,643,0.76,110.0,3.67,1,2009,PPGA604,Server
AMD Opteron 150,352.94,393,1.11,471,1.34,85.3,4.6,1,2009,939,Server
Intel Xeon 3.80GHz,851.0,393,0.46,594,0.7,110.0,3.57,1,2009,PPGA604,Server
AMD Opteron 148,,392,,443,,85.3,4.6,1,2009,939,Server
Intel Xeon 3.40GHz,,375,,519,,103.0,3.64,1,2008,PPGA604,Server
AMD Opteron 146,35.0,346,9.88,400,11.43,67.0,5.16,1,2009,939,Server
AMD Opteron 144,29.95,316,10.55,376,12.56,67.0,4.72,1,2008,939,Server
Intel Xeon 2.80GHz,,260,,384,,103.0,2.52,1,2008,PPGA604,Server
Intel Xeon 2.40GHz,9.1,180,19.73,387,42.52,,,1,2009,unknown,Server
Intel XEON 2.20GHz,,164,,351,,,,1,2009,unknown,Server
Intel Xeon 2.00GHz,,152,,259,,,,1,2009,unknown,Server
